game_id,season,week,team,game_date,off_epa_per_play_pre_ytd,off_epa_per_play_pre_ewm,off_epa_per_play_pre_l8,off_plays_pre_ytd,off_plays_pre_ewm,off_plays_pre_l8,off_yards_per_play_pre_ytd,off_yards_per_play_pre_ewm,off_yards_per_play_pre_l8,off_success_rate_pre_ytd,off_success_rate_pre_ewm,off_success_rate_pre_l8,off_explosive_rate_pre_ytd,off_explosive_rate_pre_ewm,off_explosive_rate_pre_l8,off_third_down_rate_pre_ytd,off_third_down_rate_pre_ewm,off_third_down_rate_pre_l8,off_third_down_conv_rate_pre_ytd,off_third_down_conv_rate_pre_ewm,off_third_down_conv_rate_pre_l8,off_pass_epa_pre_ytd,off_pass_epa_pre_ewm,off_pass_epa_pre_l8,off_pass_plays_pre_ytd,off_pass_plays_pre_ewm,off_pass_plays_pre_l8,off_pass_yards_per_att_pre_ytd,off_pass_yards_per_att_pre_ewm,off_pass_yards_per_att_pre_l8,off_pass_success_rate_pre_ytd,off_pass_success_rate_pre_ewm,off_pass_success_rate_pre_l8,off_pass_explosive_rate_pre_ytd,off_pass_explosive_rate_pre_ewm,off_pass_explosive_rate_pre_l8,off_air_yards_per_att_pre_ytd,off_air_yards_per_att_pre_ewm,off_air_yards_per_att_pre_l8,off_yac_per_rec_pre_ytd,off_yac_per_rec_pre_ewm,off_yac_per_rec_pre_l8,off_rush_epa_pre_ytd,off_rush_epa_pre_ewm,off_rush_epa_pre_l8,off_rush_plays_pre_ytd,off_rush_plays_pre_ewm,off_rush_plays_pre_l8,off_rush_yards_per_att_pre_ytd,off_rush_yards_per_att_pre_ewm,off_rush_yards_per_att_pre_l8,off_rush_success_rate_pre_ytd,off_rush_success_rate_pre_ewm,off_rush_success_rate_pre_l8,off_rush_explosive_rate_pre_ytd,off_rush_explosive_rate_pre_ewm,off_rush_explosive_rate_pre_l8,def_epa_allowed_pre_ytd,def_epa_allowed_pre_ewm,def_epa_allowed_pre_l8,def_plays_pre_ytd,def_plays_pre_ewm,def_plays_pre_l8,def_yards_per_play_allowed_pre_ytd,def_yards_per_play_allowed_pre_ewm,def_yards_per_play_allowed_pre_l8,def_success_rate_allowed_pre_ytd,def_success_rate_allowed_pre_ewm,def_success_rate_allowed_pre_l8,def_explosive_rate_allowed_pre_ytd,def_explosive_rate_allowed_pre_ewm,def_explosive_rate_allowed_pre_l8,def_third_down_rate_allowed_pre_ytd,def_third_down_rate_allowed_pre_ewm,def_third_down_rate_allowed_pre_l8,def_third_down_conv_rate_allowed_pre_ytd,def_third_down_conv_rate_allowed_pre_ewm,def_third_down_conv_rate_allowed_pre_l8,def_pass_epa_allowed_pre_ytd,def_pass_epa_allowed_pre_ewm,def_pass_epa_allowed_pre_l8,def_pass_plays_pre_ytd,def_pass_plays_pre_ewm,def_pass_plays_pre_l8,def_pass_yards_per_att_allowed_pre_ytd,def_pass_yards_per_att_allowed_pre_ewm,def_pass_yards_per_att_allowed_pre_l8,def_pass_success_rate_allowed_pre_ytd,def_pass_success_rate_allowed_pre_ewm,def_pass_success_rate_allowed_pre_l8,def_pass_explosive_rate_allowed_pre_ytd,def_pass_explosive_rate_allowed_pre_ewm,def_pass_explosive_rate_allowed_pre_l8,def_air_yards_per_att_allowed_pre_ytd,def_air_yards_per_att_allowed_pre_ewm,def_air_yards_per_att_allowed_pre_l8,def_yac_per_rec_allowed_pre_ytd,def_yac_per_rec_allowed_pre_ewm,def_yac_per_rec_allowed_pre_l8,def_rush_epa_allowed_pre_ytd,def_rush_epa_allowed_pre_ewm,def_rush_epa_allowed_pre_l8,def_rush_plays_pre_ytd,def_rush_plays_pre_ewm,def_rush_plays_pre_l8,def_rush_yards_per_att_allowed_pre_ytd,def_rush_yards_per_att_allowed_pre_ewm,def_rush_yards_per_att_allowed_pre_l8,def_rush_success_rate_allowed_pre_ytd,def_rush_success_rate_allowed_pre_ewm,def_rush_success_rate_allowed_pre_l8,def_rush_explosive_rate_allowed_pre_ytd,def_rush_explosive_rate_allowed_pre_ewm,def_rush_explosive_rate_allowed_pre_l8,week_label
2026_01_NE_SEA,2026,1,NE,2026-09-09 00:00:00+00:00,,,,,,,,,,,,,,,,,,,,,,,,,,,,,,,,,,,,,,,,,,,,,,,,,,,,,,,,,,,,,,,,,,,,,,,,,,,,,,,,,,,,,,,,,,,,,,,,,,,,,,,,,,,,,,,,,,,Week 1
2026_01_NE_SEA,2026,1,SEA,2026-09-09 00:00:00+00:00,,,,,,,,,,,,,,,,,,,,,,,,,,,,,,,,,,,,,,,,,,,,,,,,,,,,,,,,,,,,,,,,,,,,,,,,,,,,,,,,,,,,,,,,,,,,,,,,,,,,,,,,,,,,,,,,,,,Week 1
2026_01_SF_LA,2026,1,LA,2026-09-10 00:00:00+00:00,,,,,,,,,,,,,,,,,,,,,,,,,,,,,,,,,,,,,,,,,,,,,,,,,,,,,,,,,,,,,,,,,,,,,,,,,,,,,,,,,,,,,,,,,,,,,,,,,,,,,,,,,,,,,,,,,,,Week 1
2026_01_SF_LA,2026,1,SF,2026-09-10 00:00:00+00:00,,,,,,,,,,,,,,,,,,,,,,,,,,,,,,,,,,,,,,,,,,,,,,,,,,,,,,,,,,,,,,,,,,,,,,,,,,,,,,,,,,,,,,,,,,,,,,,,,,,,,,,,,,,,,,,,,,,Week 1
2026_01_ARI_LAC,2026,1,ARI,2026-09-13 00:00:00+00:00,,,,,,,,,,,,,,,,,,,,,,,,,,,,,,,,,,,,,,,,,,,,,,,,,,,,,,,,,,,,,,,,,,,,,,,,,,,,,,,,,,,,,,,,,,,,,,,,,,,,,,,,,,,,,,,,,,,Week 1
2026_01_ATL_PIT,2026,1,ATL,2026-09-13 00:00:00+00:00,,,,,,,,,,,,,,,,,,,,,,,,,,,,,,,,,,,,,,,,,,,,,,,,,,,,,,,,,,,,,,,,,,,,,,,,,,,,,,,,,,,,,,,,,,,,,,,,,,,,,,,,,,,,,,,,,,,Week 1
2026_01_BAL_IND,2026,1,BAL,2026-09-13 00:00:00+00:00,,,,,,,,,,,,,,,,,,,,,,,,,,,,,,,,,,,,,,,,,,,,,,,,,,,,,,,,,,,,,,,,,,,,,,,,,,,,,,,,,,,,,,,,,,,,,,,,,,,,,,,,,,,,,,,,,,,Week 1
2026_01_BUF_HOU,2026,1,BUF,2026-09-13 00:00:00+00:00,,,,,,,,,,,,,,,,,,,,,,,,,,,,,,,,,,,,,,,,,,,,,,,,,,,,,,,,,,,,,,,,,,,,,,,,,,,,,,,,,,,,,,,,,,,,,,,,,,,,,,,,,,,,,,,,,,,Week 1
2026_01_CHI_CAR,2026,1,CAR,2026-09-13 00:00:00+00:00,,,,,,,,,,,,,,,,,,,,,,,,,,,,,,,,,,,,,,,,,,,,,,,,,,,,,,,,,,,,,,,,,,,,,,,,,,,,,,,,,,,,,,,,,,,,,,,,,,,,,,,,,,,,,,,,,,,Week 1
2026_01_CHI_CAR,2026,1,CHI,2026-09-13 00:00:00+00:00,,,,,,,,,,,,,,,,,,,,,,,,,,,,,,,,,,,,,,,,,,,,,,,,,,,,,,,,,,,,,,,,,,,,,,,,,,,,,,,,,,,,,,,,,,,,,,,,,,,,,,,,,,,,,,,,,,,Week 1
2026_01_TB_CIN,2026,1,CIN,2026-09-13 00:00:00+00:00,,,,,,,,,,,,,,,,,,,,,,,,,,,,,,,,,,,,,,,,,,,,,,,,,,,,,,,,,,,,,,,,,,,,,,,,,,,,,,,,,,,,,,,,,,,,,,,,,,,,,,,,,,,,,,,,,,,Week 1
2026_01_CLE_JAX,2026,1,CLE,2026-09-13 00:00:00+00:00,,,,,,,,,,,,,,,,,,,,,,,,,,,,,,,,,,,,,,,,,,,,,,,,,,,,,,,,,,,,,,,,,,,,,,,,,,,,,,,,,,,,,,,,,,,,,,,,,,,,,,,,,,,,,,,,,,,Week 1
2026_01_DAL_NYG,2026,1,DAL,2026-09-13 00:00:00+00:00,,,,,,,,,,,,,,,,,,,,,,,,,,,,,,,,,,,,,,,,,,,,,,,,,,,,,,,,,,,,,,,,,,,,,,,,,,,,,,,,,,,,,,,,,,,,,,,,,,,,,,,,,,,,,,,,,,,Week 1
2026_01_NO_DET,2026,1,DET,2026-09-13 00:00:00+00:00,,,,,,,,,,,,,,,,,,,,,,,,,,,,,,,,,,,,,,,,,,,,,,,,,,,,,,,,,,,,,,,,,,,,,,,,,,,,,,,,,,,,,,,,,,,,,,,,,,,,,,,,,,,,,,,,,,,Week 1
2026_01_GB_MIN,2026,1,GB,2026-09-13 00:00:00+00:00,,,,,,,,,,,,,,,,,,,,,,,,,,,,,,,,,,,,,,,,,,,,,,,,,,,,,,,,,,,,,,,,,,,,,,,,,,,,,,,,,,,,,,,,,,,,,,,,,,,,,,,,,,,,,,,,,,,Week 1
2026_01_BUF_HOU,2026,1,HOU,2026-09-13 00:00:00+00:00,,,,,,,,,,,,,,,,,,,,,,,,,,,,,,,,,,,,,,,,,,,,,,,,,,,,,,,,,,,,,,,,,,,,,,,,,,,,,,,,,,,,,,,,,,,,,,,,,,,,,,,,,,,,,,,,,,,Week 1
2026_01_BAL_IND,2026,1,IND,2026-09-13 00:00:00+00:00,,,,,,,,,,,,,,,,,,,,,,,,,,,,,,,,,,,,,,,,,,,,,,,,,,,,,,,,,,,,,,,,,,,,,,,,,,,,,,,,,,,,,,,,,,,,,,,,,,,,,,,,,,,,,,,,,,,Week 1
2026_01_CLE_JAX,2026,1,JAX,2026-09-13 00:00:00+00:00,,,,,,,,,,,,,,,,,,,,,,,,,,,,,,,,,,,,,,,,,,,,,,,,,,,,,,,,,,,,,,,,,,,,,,,,,,,,,,,,,,,,,,,,,,,,,,,,,,,,,,,,,,,,,,,,,,,Week 1
2026_01_ARI_LAC,2026,1,LAC,2026-09-13 00:00:00+00:00,,,,,,,,,,,,,,,,,,,,,,,,,,,,,,,,,,,,,,,,,,,,,,,,,,,,,,,,,,,,,,,,,,,,,,,,,,,,,,,,,,,,,,,,,,,,,,,,,,,,,,,,,,,,,,,,,,,Week 1
2026_01_MIA_LV,2026,1,LV,2026-09-13 00:00:00+00:00,,,,,,,,,,,,,,,,,,,,,,,,,,,,,,,,,,,,,,,,,,,,,,,,,,,,,,,,,,,,,,,,,,,,,,,,,,,,,,,,,,,,,,,,,,,,,,,,,,,,,,,,,,,,,,,,,,,Week 1
2026_01_MIA_LV,2026,1,MIA,2026-09-13 00:00:00+00:00,,,,,,,,,,,,,,,,,,,,,,,,,,,,,,,,,,,,,,,,,,,,,,,,,,,,,,,,,,,,,,,,,,,,,,,,,,,,,,,,,,,,,,,,,,,,,,,,,,,,,,,,,,,,,,,,,,,Week 1
2026_01_GB_MIN,2026,1,MIN,2026-09-13 00:00:00+00:00,,,,,,,,,,,,,,,,,,,,,,,,,,,,,,,,,,,,,,,,,,,,,,,,,,,,,,,,,,,,,,,,,,,,,,,,,,,,,,,,,,,,,,,,,,,,,,,,,,,,,,,,,,,,,,,,,,,Week 1
2026_01_NO_DET,2026,1,NO,2026-09-13 00:00:00+00:00,,,,,,,,,,,,,,,,,,,,,,,,,,,,,,,,,,,,,,,,,,,,,,,,,,,,,,,,,,,,,,,,,,,,,,,,,,,,,,,,,,,,,,,,,,,,,,,,,,,,,,,,,,,,,,,,,,,Week 1
2026_01_DAL_NYG,2026,1,NYG,2026-09-13 00:00:00+00:00,,,,,,,,,,,,,,,,,,,,,,,,,,,,,,,,,,,,,,,,,,,,,,,,,,,,,,,,,,,,,,,,,,,,,,,,,,,,,,,,,,,,,,,,,,,,,,,,,,,,,,,,,,,,,,,,,,,Week 1
2026_01_NYJ_TEN,2026,1,NYJ,2026-09-13 00:00:00+00:00,,,,,,,,,,,,,,,,,,,,,,,,,,,,,,,,,,,,,,,,,,,,,,,,,,,,,,,,,,,,,,,,,,,,,,,,,,,,,,,,,,,,,,,,,,,,,,,,,,,,,,,,,,,,,,,,,,,Week 1
2026_01_WAS_PHI,2026,1,PHI,2026-09-13 00:00:00+00:00,,,,,,,,,,,,,,,,,,,,,,,,,,,,,,,,,,,,,,,,,,,,,,,,,,,,,,,,,,,,,,,,,,,,,,,,,,,,,,,,,,,,,,,,,,,,,,,,,,,,,,,,,,,,,,,,,,,Week 1
2026_01_ATL_PIT,2026,1,PIT,2026-09-13 00:00:00+00:00,,,,,,,,,,,,,,,,,,,,,,,,,,,,,,,,,,,,,,,,,,,,,,,,,,,,,,,,,,,,,,,,,,,,,,,,,,,,,,,,,,,,,,,,,,,,,,,,,,,,,,,,,,,,,,,,,,,Week 1
2026_01_TB_CIN,2026,1,TB,2026-09-13 00:00:00+00:00,,,,,,,,,,,,,,,,,,,,,,,,,,,,,,,,,,,,,,,,,,,,,,,,,,,,,,,,,,,,,,,,,,,,,,,,,,,,,,,,,,,,,,,,,,,,,,,,,,,,,,,,,,,,,,,,,,,Week 1
2026_01_NYJ_TEN,2026,1,TEN,2026-09-13 00:00:00+00:00,,,,,,,,,,,,,,,,,,,,,,,,,,,,,,,,,,,,,,,,,,,,,,,,,,,,,,,,,,,,,,,,,,,,,,,,,,,,,,,,,,,,,,,,,,,,,,,,,,,,,,,,,,,,,,,,,,,Week 1
2026_01_WAS_PHI,2026,1,WAS,2026-09-13 00:00:00+00:00,,,,,,,,,,,,,,,,,,,,,,,,,,,,,,,,,,,,,,,,,,,,,,,,,,,,,,,,,,,,,,,,,,,,,,,,,,,,,,,,,,,,,,,,,,,,,,,,,,,,,,,,,,,,,,,,,,,Week 1
2026_01_DEN_KC,2026,1,DEN,2026-09-14 00:00:00+00:00,,,,,,,,,,,,,,,,,,,,,,,,,,,,,,,,,,,,,,,,,,,,,,,,,,,,,,,,,,,,,,,,,,,,,,,,,,,,,,,,,,,,,,,,,,,,,,,,,,,,,,,,,,,,,,,,,,,Week 1
2026_01_DEN_KC,2026,1,KC,2026-09-14 00:00:00+00:00,,,,,,,,,,,,,,,,,,,,,,,,,,,,,,,,,,,,,,,,,,,,,,,,,,,,,,,,,,,,,,,,,,,,,,,,,,,,,,,,,,,,,,,,,,,,,,,,,,,,,,,,,,,,,,,,,,,Week 1
2026_02_DET_BUF,2026,2,BUF,2026-09-17 00:00:00+00:00,0.22925824720811552,0.22925824720811552,0.22925824720811552,52.0,52.0,52.0,7.884615384615385,7.884615384615385,7.884615384615385,0.40384615384615385,0.40384615384615385,0.40384615384615385,0.15384615384615385,0.15384615384615385,0.15384615384615385,0.17307692307692307,0.17307692307692307,0.17307692307692307,0.057692307692307696,0.057692307692307696,0.057692307692307696,0.45421949768880043,0.45421949768880043,0.45421949768880043,32.0,32.0,32.0,10.09375,10.09375,10.09375,0.4375,0.4375,0.4375,0.15625,0.15625,0.15625,13.206896551724139,13.206896551724139,13.206896551724139,4.95,4.95,4.95,-0.13067975356098033,-0.13067975356098033,-0.13067975356098033,20.0,20.0,20.0,4.35,4.35,4.35,0.35,0.35,0.35,0.15,0.15,0.15,0.06890769422967051,0.06890769422967051,0.06890769422967051,73.0,73.0,73.0,5.219178082191781,5.219178082191781,5.219178082191781,0.4657534246575342,0.4657534246575342,0.4657534246575342,0.1095890410958904,0.1095890410958904,0.1095890410958904,0.2191780821917808,0.2191780821917808,0.2191780821917808,0.0958904109589041,0.0958904109589041,0.0958904109589041,0.03649860520195102,0.03649860520195102,0.03649860520195102,41.0,41.0,41.0,6.2682926829268295,6.2682926829268295,6.2682926829268295,0.4878048780487805,0.4878048780487805,0.4878048780487805,0.0975609756097561,0.0975609756097561,0.0975609756097561,8.473684210526315,8.473684210526315,8.473684210526315,4.384615384615385,4.384615384615385,4.384615384615385,0.1104318395464361,0.1104318395464361,0.1104318395464361,32.0,32.0,32.0,3.875,3.875,3.875,0.4375,0.4375,0.4375,0.125,0.125,0.125,Week 2
2026_02_DET_BUF,2026,2,DET,2026-09-17 00:00:00+00:00,0.00040982694171410976,0.00040982694171410976,0.00040982694171410976,73.0,73.0,73.0,5.054794520547945,5.054794520547945,5.054794520547945,0.4520547945205479,0.4520547945205479,0.4520547945205479,0.1095890410958904,0.1095890410958904,0.1095890410958904,0.1780821917808219,0.1780821917808219,0.1780821917808219,0.0684931506849315,0.0684931506849315,0.0684931506849315,0.018428114368014337,0.018428114368014337,0.018428114368014337,40.0,40.0,40.0,5.1,5.1,5.1,0.425,0.425,0.425,0.025,0.025,0.025,5.3076923076923075,5.3076923076923075,5.3076923076923075,3.730769230769231,3.730769230769231,3.730769230769231,-0.021430521453801317,-0.021430521453801317,-0.021430521453801317,33.0,33.0,33.0,5.0,5.0,5.0,0.48484848484848486,0.48484848484848486,0.48484848484848486,0.21212121212121213,0.21212121212121213,0.21212121212121213,-0.03067701875351575,-0.03067701875351575,-0.03067701875351575,86.0,86.0,86.0,5.453488372093023,5.453488372093023,5.453488372093023,0.4186046511627907,0.4186046511627907,0.4186046511627907,0.09302325581395349,0.09302325581395349,0.09302325581395349,0.19767441860465115,0.19767441860465115,0.19767441860465115,0.09302325581395349,0.09302325581395349,0.09302325581395349,-0.016098134454466003,-0.016098134454466003,-0.016098134454466003,61.0,61.0,61.0,6.19672131147541,6.19672131147541,6.19672131147541,0.45901639344262296,0.45901639344262296,0.45901639344262296,0.09836065573770492,0.09836065573770492,0.09836065573770492,8.763636363636364,8.763636363636364,8.763636363636364,3.3142857142857145,3.3142857142857145,3.3142857142857145,-0.06624949644319714,-0.06624949644319714,-0.06624949644319714,25.0,25.0,25.0,3.64,3.64,3.64,0.32,0.32,0.32,0.08,0.08,0.08,Week 2
2026_02_SEA_ARI,2026,2,ARI,2026-09-20 00:00:00+00:00,0.1441429099391437,0.1441429099391437,0.1441429099391437,69.0,69.0,69.0,5.739130434782608,5.739130434782608,5.739130434782608,0.4927536231884058,0.4927536231884058,0.4927536231884058,0.07246376811594203,0.07246376811594203,0.07246376811594203,0.18840579710144928,0.18840579710144928,0.18840579710144928,0.08695652173913043,0.08695652173913043,0.08695652173913043,0.2371806496092959,0.2371806496092959,0.2371806496092959,38.0,38.0,38.0,7.2894736842105265,7.2894736842105265,7.2894736842105265,0.5526315789473685,0.5526315789473685,0.5526315789473685,0.05263157894736842,0.05263157894736842,0.05263157894736842,7.648648648648648,7.648648648648648,7.648648648648648,3.6296296296296298,3.6296296296296298,3.6296296296296298,0.030096648407989344,0.030096648407989344,0.030096648407989344,31.0,31.0,31.0,3.838709677419355,3.838709677419355,3.838709677419355,0.41935483870967744,0.41935483870967744,0.41935483870967744,0.0967741935483871,0.0967741935483871,0.0967741935483871,-0.24395900345110683,-0.24395900345110683,-0.24395900345110683,51.0,51.0,51.0,5.254901960784314,5.254901960784314,5.254901960784314,0.39215686274509803,0.39215686274509803,0.39215686274509803,0.0784313725490196,0.0784313725490196,0.0784313725490196,0.1568627450980392,0.1568627450980392,0.1568627450980392,0.0392156862745098,0.0392156862745098,0.0392156862745098,-0.1869222105674756,-0.1869222105674756,-0.1869222105674756,30.0,30.0,30.0,6.233333333333333,6.233333333333333,6.233333333333333,0.43333333333333335,0.43333333333333335,0.43333333333333335,0.06666666666666667,0.06666666666666667,0.06666666666666667,10.11111111111111,10.11111111111111,10.11111111111111,4.588235294117647,4.588235294117647,4.588235294117647,-0.32544013614200856,-0.32544013614200856,-0.32544013614200856,21.0,21.0,21.0,3.857142857142857,3.857142857142857,3.857142857142857,0.3333333333333333,0.3333333333333333,0.3333333333333333,0.09523809523809523,0.09523809523809523,0.09523809523809523,Week 2
2026_02_CAR_ATL,2026,2,ATL,2026-09-20 00:00:00+00:00,-0.3210057183179151,-0.3210057183179151,-0.3210057183179151,57.0,57.0,57.0,4.175438596491228,4.175438596491228,4.175438596491228,0.38596491228070173,0.38596491228070173,0.38596491228070173,0.10526315789473684,0.10526315789473684,0.10526315789473684,0.21052631578947367,0.21052631578947367,0.21052631578947367,0.03508771929824561,0.03508771929824561,0.03508771929824561,-0.6063287474406966,-0.6063287474406966,-0.6063287474406966,26.0,26.0,26.0,4.538461538461538,4.538461538461538,4.538461538461538,0.3076923076923077,0.3076923076923077,0.3076923076923077,0.11538461538461539,0.11538461538461539,0.11538461538461539,3.5,3.5,3.5,9.833333333333334,9.833333333333334,9.833333333333334,-0.08170253260203367,-0.08170253260203367,-0.08170253260203367,31.0,31.0,31.0,3.870967741935484,3.870967741935484,3.870967741935484,0.45161290322580644,0.45161290322580644,0.45161290322580644,0.0967741935483871,0.0967741935483871,0.0967741935483871,-0.3027764990925035,-0.3027764990925035,-0.3027764990925035,61.0,61.0,61.0,4.377049180327869,4.377049180327869,4.377049180327869,0.32786885245901637,0.32786885245901637,0.32786885245901637,0.06557377049180328,0.06557377049180328,0.06557377049180328,0.19672131147540983,0.19672131147540983,0.19672131147540983,0.04918032786885246,0.04918032786885246,0.04918032786885246,-0.32394570725482785,-0.32394570725482785,-0.32394570725482785,43.0,43.0,43.0,4.790697674418604,4.790697674418604,4.790697674418604,0.3488372093023256,0.3488372093023256,0.3488372093023256,0.06976744186046512,0.06976744186046512,0.06976744186046512,9.926829268292684,9.926829268292684,9.926829268292684,5.041666666666667,5.041666666666667,5.041666666666667,-0.2522056129269509,-0.2522056129269509,-0.2522056129269509,18.0,18.0,18.0,3.388888888888889,3.388888888888889,3.388888888888889,0.2777777777777778,0.2777777777777778,0.2777777777777778,0.05555555555555555,0.05555555555555555,0.05555555555555555,Week 2
2026_02_NO_BAL,2026,2,BAL,2026-09-20 00:00:00+00:00,0.3214839097559596,0.3214839097559596,0.3214839097559596,60.0,60.0,60.0,8.483333333333333,8.483333333333333,8.483333333333333,0.5,0.5,0.5,0.15,0.15,0.15,0.13333333333333333,0.13333333333333333,0.13333333333333333,0.05,0.05,0.05,0.3760311696073936,0.3760311696073936,0.3760311696073936,26.0,26.0,26.0,11.692307692307692,11.692307692307692,11.692307692307692,0.5384615384615384,0.5384615384615384,0.5384615384615384,0.11538461538461539,0.11538461538461539,0.11538461538461539,11.25,11.25,11.25,9.941176470588236,9.941176470588236,9.941176470588236,0.2797712992813336,0.2797712992813336,0.2797712992813336,34.0,34.0,34.0,6.029411764705882,6.029411764705882,6.029411764705882,0.47058823529411764,0.47058823529411764,0.47058823529411764,0.17647058823529413,0.17647058823529413,0.17647058823529413,-0.2412365630731741,-0.2412365630731741,-0.2412365630731741,53.0,53.0,53.0,4.735849056603773,4.735849056603773,4.735849056603773,0.41509433962264153,0.41509433962264153,0.41509433962264153,0.1320754716981132,0.1320754716981132,0.1320754716981132,0.18867924528301888,0.18867924528301888,0.18867924528301888,0.05660377358490566,0.05660377358490566,0.05660377358490566,-0.46160670501400386,-0.46160670501400386,-0.46160670501400386,33.0,33.0,33.0,4.515151515151516,4.515151515151516,4.515151515151516,0.36363636363636365,0.36363636363636365,0.36363636363636365,0.06060606060606061,0.06060606060606061,0.06060606060606061,6.483870967741935,6.483870967741935,6.483870967741935,4.0,4.0,4.0,0.12237417112919502,0.12237417112919502,0.12237417112919502,20.0,20.0,20.0,5.1,5.1,5.1,0.5,0.5,0.5,0.25,0.25,0.25,Week 2
2026_02_CAR_ATL,2026,2,CAR,2026-09-20 00:00:00+00:00,0.18153584578886714,0.18153584578886714,0.18153584578886714,62.0,62.0,62.0,7.709677419354839,7.709677419354839,7.709677419354839,0.4838709677419355,0.4838709677419355,0.4838709677419355,0.12903225806451613,0.12903225806451613,0.12903225806451613,0.14516129032258066,0.14516129032258066,0.14516129032258066,0.06451612903225806,0.06451612903225806,0.06451612903225806,0.2510585687112924,0.2510585687112924,0.2510585687112924,40.0,40.0,40.0,8.825,8.825,8.825,0.45,0.45,0.45,0.125,0.125,0.125,9.631578947368421,9.631578947368421,9.631578947368421,6.782608695652174,6.782608695652174,6.782608695652174,0.05513089502082122,0.05513089502082122,0.05513089502082122,22.0,22.0,22.0,5.681818181818182,5.681818181818182,5.681818181818182,0.5454545454545454,0.5454545454545454,0.5454545454545454,0.13636363636363635,0.13636363636363635,0.13636363636363635,0.4093816948714201,0.4093816948714201,0.4093816948714201,70.0,70.0,70.0,7.885714285714286,7.885714285714286,7.885714285714286,0.5428571428571428,0.5428571428571428,0.5428571428571428,0.12857142857142856,0.12857142857142856,0.12857142857142856,0.2,0.2,0.2,0.14285714285714285,0.14285714285714285,0.14285714285714285,0.44920208415539287,0.44920208415539287,0.44920208415539287,31.0,31.0,31.0,8.419354838709678,8.419354838709678,8.419354838709678,0.6129032258064516,0.6129032258064516,0.6129032258064516,0.12903225806451613,0.12903225806451613,0.12903225806451613,11.0,11.0,11.0,3.8095238095238093,3.8095238095238093,3.8095238095238093,0.3777295905687751,0.3777295905687751,0.3777295905687751,39.0,39.0,39.0,7.461538461538462,7.461538461538462,7.461538461538462,0.48717948717948717,0.48717948717948717,0.48717948717948717,0.1282051282051282,0.1282051282051282,0.1282051282051282,Week 2
2026_02_MIN_CHI,2026,2,CHI,2026-09-20 00:00:00+00:00,0.4093816948714201,0.4093816948714201,0.4093816948714201,70.0,70.0,70.0,7.885714285714286,7.885714285714286,7.885714285714286,0.5428571428571428,0.5428571428571428,0.5428571428571428,0.12857142857142856,0.12857142857142856,0.12857142857142856,0.2,0.2,0.2,0.14285714285714285,0.14285714285714285,0.14285714285714285,0.44920208415539287,0.44920208415539287,0.44920208415539287,31.0,31.0,31.0,8.419354838709678,8.419354838709678,8.419354838709678,0.6129032258064516,0.6129032258064516,0.6129032258064516,0.12903225806451613,0.12903225806451613,0.12903225806451613,11.0,11.0,11.0,3.8095238095238093,3.8095238095238093,3.8095238095238093,0.3777295905687751,0.3777295905687751,0.3777295905687751,39.0,39.0,39.0,7.461538461538462,7.461538461538462,7.461538461538462,0.48717948717948717,0.48717948717948717,0.48717948717948717,0.1282051282051282,0.1282051282051282,0.1282051282051282,0.18153584578886714,0.18153584578886714,0.18153584578886714,62.0,62.0,62.0,7.709677419354839,7.709677419354839,7.709677419354839,0.4838709677419355,0.4838709677419355,0.4838709677419355,0.12903225806451613,0.12903225806451613,0.12903225806451613,0.14516129032258066,0.14516129032258066,0.14516129032258066,0.06451612903225806,0.06451612903225806,0.06451612903225806,0.2510585687112924,0.2510585687112924,0.2510585687112924,40.0,40.0,40.0,8.825,8.825,8.825,0.45,0.45,0.45,0.125,0.125,0.125,9.631578947368421,9.631578947368421,9.631578947368421,6.782608695652174,6.782608695652174,6.782608695652174,0.05513089502082122,0.05513089502082122,0.05513089502082122,22.0,22.0,22.0,5.681818181818182,5.681818181818182,5.681818181818182,0.5454545454545454,0.5454545454545454,0.5454545454545454,0.13636363636363635,0.13636363636363635,0.13636363636363635,Week 2
2026_02_CIN_HOU,2026,2,CIN,2026-09-20 00:00:00+00:00,-0.0015601707333382329,-0.0015601707333382329,-0.0015601707333382329,62.0,62.0,62.0,5.67741935483871,5.67741935483871,5.67741935483871,0.46774193548387094,0.46774193548387094,0.46774193548387094,0.11290322580645161,0.11290322580645161,0.11290322580645161,0.22580645161290322,0.22580645161290322,0.22580645161290322,0.12903225806451613,0.12903225806451613,0.12903225806451613,-0.07297091840060486,-0.07297091840060486,-0.07297091840060486,36.0,36.0,36.0,6.805555555555555,6.805555555555555,6.805555555555555,0.5,0.5,0.5,0.08333333333333333,0.08333333333333333,0.08333333333333333,6.457142857142857,6.457142857142857,6.457142857142857,5.76,5.76,5.76,0.09731624911364634,0.09731624911364634,0.09731624911364634,26.0,26.0,26.0,4.115384615384615,4.115384615384615,4.115384615384615,0.4230769230769231,0.4230769230769231,0.4230769230769231,0.15384615384615385,0.15384615384615385,0.15384615384615385,-0.18521386813511093,-0.18521386813511093,-0.18521386813511093,51.0,51.0,51.0,5.549019607843137,5.549019607843137,5.549019607843137,0.47058823529411764,0.47058823529411764,0.47058823529411764,0.058823529411764705,0.058823529411764705,0.058823529411764705,0.19607843137254902,0.19607843137254902,0.19607843137254902,0.09803921568627451,0.09803921568627451,0.09803921568627451,-0.24725821220238764,-0.24725821220238764,-0.24725821220238764,32.0,32.0,32.0,6.03125,6.03125,6.03125,0.46875,0.46875,0.46875,0.0625,0.0625,0.0625,5.107142857142857,5.107142857142857,5.107142857142857,7.260869565217392,7.260869565217392,7.260869565217392,-0.08071813075864491,-0.08071813075864491,-0.08071813075864491,19.0,19.0,19.0,4.7368421052631575,4.7368421052631575,4.7368421052631575,0.47368421052631576,0.47368421052631576,0.47368421052631576,0.05263157894736842,0.05263157894736842,0.05263157894736842,Week 2
2026_02_CLE_TB,2026,2,CLE,2026-09-20 00:00:00+00:00,-0.18427049644677104,-0.18427049644677104,-0.18427049644677104,49.0,49.0,49.0,5.551020408163265,5.551020408163265,5.551020408163265,0.4489795918367347,0.4489795918367347,0.4489795918367347,0.08163265306122448,0.08163265306122448,0.08163265306122448,0.16326530612244897,0.16326530612244897,0.16326530612244897,0.02040816326530612,0.02040816326530612,0.02040816326530612,-0.36426042891471166,-0.36426042891471166,-0.36426042891471166,27.0,27.0,27.0,6.851851851851852,6.851851851851852,6.851851851851852,0.4444444444444444,0.4444444444444444,0.4444444444444444,0.1111111111111111,0.1111111111111111,0.1111111111111111,10.363636363636363,10.363636363636363,10.363636363636363,5.9375,5.9375,5.9375,0.03662623885479248,0.03662623885479248,0.03662623885479248,22.0,22.0,22.0,3.9545454545454546,3.9545454545454546,3.9545454545454546,0.45454545454545453,0.45454545454545453,0.45454545454545453,0.045454545454545456,0.045454545454545456,0.045454545454545456,0.33816777336825476,0.33816777336825476,0.33816777336825476,53.0,53.0,53.0,6.849056603773585,6.849056603773585,6.849056603773585,0.6037735849056604,0.6037735849056604,0.6037735849056604,0.16981132075471697,0.16981132075471697,0.16981132075471697,0.16981132075471697,0.16981132075471697,0.16981132075471697,0.09433962264150944,0.09433962264150944,0.09433962264150944,0.792561489448417,0.792561489448417,0.792561489448417,24.0,24.0,24.0,9.75,9.75,9.75,0.7083333333333334,0.7083333333333334,0.7083333333333334,0.16666666666666666,0.16666666666666666,0.16666666666666666,10.521739130434783,10.521739130434783,10.521739130434783,3.388888888888889,3.388888888888889,3.388888888888889,-0.03788219856015532,-0.03788219856015532,-0.03788219856015532,29.0,29.0,29.0,4.448275862068965,4.448275862068965,4.448275862068965,0.5172413793103449,0.5172413793103449,0.5172413793103449,0.1724137931034483,0.1724137931034483,0.1724137931034483,Week 2
2026_02_WAS_DAL,2026,2,DAL,2026-09-20 00:00:00+00:00,0.22067005183914892,0.22067005183914892,0.22067005183914892,52.0,52.0,52.0,4.6923076923076925,4.6923076923076925,4.6923076923076925,0.46153846153846156,0.46153846153846156,0.46153846153846156,0.019230769230769232,0.019230769230769232,0.019230769230769232,0.21153846153846154,0.21153846153846154,0.21153846153846154,0.15384615384615385,0.15384615384615385,0.15384615384615385,0.3053206695459427,0.3053206695459427,0.3053206695459427,34.0,34.0,34.0,5.147058823529412,5.147058823529412,5.147058823529412,0.4411764705882353,0.4411764705882353,0.4411764705882353,0.0,0.0,0.0,9.088235294117647,9.088235294117647,9.088235294117647,4.136363636363637,4.136363636363637,4.136363636363637,0.060774440615205094,0.060774440615205094,0.060774440615205094,18.0,18.0,18.0,3.8333333333333335,3.8333333333333335,3.8333333333333335,0.5,0.5,0.5,0.05555555555555555,0.05555555555555555,0.05555555555555555,0.36887921085939385,0.36887921085939385,0.36887921085939385,65.0,65.0,65.0,6.138461538461539,6.138461538461539,6.138461538461539,0.6,0.6,0.6,0.06153846153846154,0.06153846153846154,0.06153846153846154,0.15384615384615385,0.15384615384615385,0.15384615384615385,0.13846153846153847,0.13846153846153847,0.13846153846153847,0.7068532854290454,0.7068532854290454,0.7068532854290454,31.0,31.0,31.0,7.387096774193548,7.387096774193548,7.387096774193548,0.7096774193548387,0.7096774193548387,0.7096774193548387,0.0,0.0,0.0,8.448275862068966,8.448275862068966,8.448275862068966,3.739130434782609,3.739130434782609,3.739130434782609,0.06072637816353509,0.06072637816353509,0.06072637816353509,34.0,34.0,34.0,5.0,5.0,5.0,0.5,0.5,0.5,0.11764705882352941,0.11764705882352941,0.11764705882352941,Week 2
2026_02_JAX_DEN,2026,2,DEN,2026-09-20 00:00:00+00:00,-0.3438534488302752,-0.3438534488302752,-0.3438534488302752,46.0,46.0,46.0,3.847826086956522,3.847826086956522,3.847826086956522,0.3695652173913043,0.3695652173913043,0.3695652173913043,0.021739130434782608,0.021739130434782608,0.021739130434782608,0.2608695652173913,0.2608695652173913,0.2608695652173913,0.043478260869565216,0.043478260869565216,0.043478260869565216,-0.44941849297356384,-0.44941849297356384,-0.44941849297356384,32.0,32.0,32.0,3.59375,3.59375,3.59375,0.40625,0.40625,0.40625,0.0,0.0,0.0,3.2857142857142856,3.2857142857142856,3.2857142857142856,5.294117647058823,5.294117647058823,5.294117647058823,-0.10256191935990122,-0.10256191935990122,-0.10256191935990122,14.0,14.0,14.0,4.428571428571429,4.428571428571429,4.428571428571429,0.2857142857142857,0.2857142857142857,0.2857142857142857,0.07142857142857142,0.07142857142857142,0.07142857142857142,0.1644273404200703,0.1644273404200703,0.1644273404200703,64.0,64.0,64.0,6.1875,6.1875,6.1875,0.421875,0.421875,0.421875,0.109375,0.109375,0.109375,0.25,0.25,0.25,0.140625,0.140625,0.140625,-0.07937349637153422,-0.07937349637153422,-0.07937349637153422,29.0,29.0,29.0,5.931034482758621,5.931034482758621,5.931034482758621,0.41379310344827586,0.41379310344827586,0.41379310344827586,0.06896551724137931,0.06896551724137931,0.06896551724137931,4.925925925925926,4.925925925925926,4.925925925925926,11.066666666666666,11.066666666666666,11.066666666666666,0.36643374804739975,0.36643374804739975,0.36643374804739975,35.0,35.0,35.0,6.4,6.4,6.4,0.42857142857142855,0.42857142857142855,0.42857142857142855,0.14285714285714285,0.14285714285714285,0.14285714285714285,Week 2
2026_02_GB_NYJ,2026,2,GB,2026-09-20 00:00:00+00:00,-0.17482567798843685,-0.17482567798843685,-0.17482567798843685,67.0,67.0,67.0,6.253731343283582,6.253731343283582,6.253731343283582,0.3880597014925373,0.3880597014925373,0.3880597014925373,0.13432835820895522,0.13432835820895522,0.13432835820895522,0.1791044776119403,0.1791044776119403,0.1791044776119403,0.04477611940298507,0.04477611940298507,0.04477611940298507,-0.05877491507986125,-0.05877491507986125,-0.05877491507986125,46.0,46.0,46.0,7.673913043478261,7.673913043478261,7.673913043478261,0.41304347826086957,0.41304347826086957,0.41304347826086957,0.15217391304347827,0.15217391304347827,0.15217391304347827,11.166666666666666,11.166666666666666,11.166666666666666,7.619047619047619,7.619047619047619,7.619047619047619,-0.4290321110262691,-0.4290321110262691,-0.4290321110262691,21.0,21.0,21.0,3.142857142857143,3.142857142857143,3.142857142857143,0.3333333333333333,0.3333333333333333,0.3333333333333333,0.09523809523809523,0.09523809523809523,0.09523809523809523,-0.019597688479754544,-0.019597688479754544,-0.019597688479754544,59.0,59.0,59.0,4.135593220338983,4.135593220338983,4.135593220338983,0.3559322033898305,0.3559322033898305,0.3559322033898305,0.03389830508474576,0.03389830508474576,0.03389830508474576,0.23728813559322035,0.23728813559322035,0.23728813559322035,0.15254237288135594,0.15254237288135594,0.15254237288135594,0.018529170133391646,0.018529170133391646,0.018529170133391646,28.0,28.0,28.0,4.785714285714286,4.785714285714286,4.785714285714286,0.39285714285714285,0.39285714285714285,0.39285714285714285,0.03571428571428571,0.03571428571428571,0.03571428571428571,7.333333333333333,7.333333333333333,7.333333333333333,3.066666666666667,3.066666666666667,3.066666666666667,-0.054034851098080136,-0.054034851098080136,-0.054034851098080136,31.0,31.0,31.0,3.5483870967741935,3.5483870967741935,3.5483870967741935,0.3225806451612903,0.3225806451612903,0.3225806451612903,0.03225806451612903,0.03225806451612903,0.03225806451612903,Week 2
2026_02_CIN_HOU,2026,2,HOU,2026-09-20 00:00:00+00:00,0.06890769422967051,0.06890769422967051,0.06890769422967051,73.0,73.0,73.0,5.219178082191781,5.219178082191781,5.219178082191781,0.4657534246575342,0.4657534246575342,0.4657534246575342,0.1095890410958904,0.1095890410958904,0.1095890410958904,0.2191780821917808,0.2191780821917808,0.2191780821917808,0.0958904109589041,0.0958904109589041,0.0958904109589041,0.03649860520195102,0.03649860520195102,0.03649860520195102,41.0,41.0,41.0,6.2682926829268295,6.2682926829268295,6.2682926829268295,0.4878048780487805,0.4878048780487805,0.4878048780487805,0.0975609756097561,0.0975609756097561,0.0975609756097561,8.473684210526315,8.473684210526315,8.473684210526315,4.384615384615385,4.384615384615385,4.384615384615385,0.1104318395464361,0.1104318395464361,0.1104318395464361,32.0,32.0,32.0,3.875,3.875,3.875,0.4375,0.4375,0.4375,0.125,0.125,0.125,0.22925824720811552,0.22925824720811552,0.22925824720811552,52.0,52.0,52.0,7.884615384615385,7.884615384615385,7.884615384615385,0.40384615384615385,0.40384615384615385,0.40384615384615385,0.15384615384615385,0.15384615384615385,0.15384615384615385,0.17307692307692307,0.17307692307692307,0.17307692307692307,0.057692307692307696,0.057692307692307696,0.057692307692307696,0.45421949768880043,0.45421949768880043,0.45421949768880043,32.0,32.0,32.0,10.09375,10.09375,10.09375,0.4375,0.4375,0.4375,0.15625,0.15625,0.15625,13.206896551724139,13.206896551724139,13.206896551724139,4.95,4.95,4.95,-0.13067975356098033,-0.13067975356098033,-0.13067975356098033,20.0,20.0,20.0,4.35,4.35,4.35,0.35,0.35,0.35,0.15,0.15,0.15,Week 2
2026_02_IND_KC,2026,2,IND,2026-09-20 00:00:00+00:00,-0.2412365630731741,-0.2412365630731741,-0.2412365630731741,53.0,53.0,53.0,4.735849056603773,4.735849056603773,4.735849056603773,0.41509433962264153,0.41509433962264153,0.41509433962264153,0.1320754716981132,0.1320754716981132,0.1320754716981132,0.18867924528301888,0.18867924528301888,0.18867924528301888,0.05660377358490566,0.05660377358490566,0.05660377358490566,-0.46160670501400386,-0.46160670501400386,-0.46160670501400386,33.0,33.0,33.0,4.515151515151516,4.515151515151516,4.515151515151516,0.36363636363636365,0.36363636363636365,0.36363636363636365,0.06060606060606061,0.06060606060606061,0.06060606060606061,6.483870967741935,6.483870967741935,6.483870967741935,4.0,4.0,4.0,0.12237417112919502,0.12237417112919502,0.12237417112919502,20.0,20.0,20.0,5.1,5.1,5.1,0.5,0.5,0.5,0.25,0.25,0.25,0.3214839097559596,0.3214839097559596,0.3214839097559596,60.0,60.0,60.0,8.483333333333333,8.483333333333333,8.483333333333333,0.5,0.5,0.5,0.15,0.15,0.15,0.13333333333333333,0.13333333333333333,0.13333333333333333,0.05,0.05,0.05,0.3760311696073936,0.3760311696073936,0.3760311696073936,26.0,26.0,26.0,11.692307692307692,11.692307692307692,11.692307692307692,0.5384615384615384,0.5384615384615384,0.5384615384615384,0.11538461538461539,0.11538461538461539,0.11538461538461539,11.25,11.25,11.25,9.941176470588236,9.941176470588236,9.941176470588236,0.2797712992813336,0.2797712992813336,0.2797712992813336,34.0,34.0,34.0,6.029411764705882,6.029411764705882,6.029411764705882,0.47058823529411764,0.47058823529411764,0.47058823529411764,0.17647058823529413,0.17647058823529413,0.17647058823529413,Week 2
2026_02_JAX_DEN,2026,2,JAX,2026-09-20 00:00:00+00:00,0.33816777336825476,0.33816777336825476,0.33816777336825476,53.0,53.0,53.0,6.849056603773585,6.849056603773585,6.849056603773585,0.6037735849056604,0.6037735849056604,0.6037735849056604,0.16981132075471697,0.16981132075471697,0.16981132075471697,0.16981132075471697,0.16981132075471697,0.16981132075471697,0.09433962264150944,0.09433962264150944,0.09433962264150944,0.792561489448417,0.792561489448417,0.792561489448417,24.0,24.0,24.0,9.75,9.75,9.75,0.7083333333333334,0.7083333333333334,0.7083333333333334,0.16666666666666666,0.16666666666666666,0.16666666666666666,10.521739130434783,10.521739130434783,10.521739130434783,3.388888888888889,3.388888888888889,3.388888888888889,-0.03788219856015532,-0.03788219856015532,-0.03788219856015532,29.0,29.0,29.0,4.448275862068965,4.448275862068965,4.448275862068965,0.5172413793103449,0.5172413793103449,0.5172413793103449,0.1724137931034483,0.1724137931034483,0.1724137931034483,-0.18427049644677104,-0.18427049644677104,-0.18427049644677104,49.0,49.0,49.0,5.551020408163265,5.551020408163265,5.551020408163265,0.4489795918367347,0.4489795918367347,0.4489795918367347,0.08163265306122448,0.08163265306122448,0.08163265306122448,0.16326530612244897,0.16326530612244897,0.16326530612244897,0.02040816326530612,0.02040816326530612,0.02040816326530612,-0.36426042891471166,-0.36426042891471166,-0.36426042891471166,27.0,27.0,27.0,6.851851851851852,6.851851851851852,6.851851851851852,0.4444444444444444,0.4444444444444444,0.4444444444444444,0.1111111111111111,0.1111111111111111,0.1111111111111111,10.363636363636363,10.363636363636363,10.363636363636363,5.9375,5.9375,5.9375,0.03662623885479248,0.03662623885479248,0.03662623885479248,22.0,22.0,22.0,3.9545454545454546,3.9545454545454546,3.9545454545454546,0.45454545454545453,0.45454545454545453,0.45454545454545453,0.045454545454545456,0.045454545454545456,0.045454545454545456,Week 2
2026_02_IND_KC,2026,2,KC,2026-09-20 00:00:00+00:00,0.1644273404200703,0.1644273404200703,0.1644273404200703,64.0,64.0,64.0,6.1875,6.1875,6.1875,0.421875,0.421875,0.421875,0.109375,0.109375,0.109375,0.25,0.25,0.25,0.140625,0.140625,0.140625,-0.07937349637153422,-0.07937349637153422,-0.07937349637153422,29.0,29.0,29.0,5.931034482758621,5.931034482758621,5.931034482758621,0.41379310344827586,0.41379310344827586,0.41379310344827586,0.06896551724137931,0.06896551724137931,0.06896551724137931,4.925925925925926,4.925925925925926,4.925925925925926,11.066666666666666,11.066666666666666,11.066666666666666,0.36643374804739975,0.36643374804739975,0.36643374804739975,35.0,35.0,35.0,6.4,6.4,6.4,0.42857142857142855,0.42857142857142855,0.42857142857142855,0.14285714285714285,0.14285714285714285,0.14285714285714285,-0.3438534488302752,-0.3438534488302752,-0.3438534488302752,46.0,46.0,46.0,3.847826086956522,3.847826086956522,3.847826086956522,0.3695652173913043,0.3695652173913043,0.3695652173913043,0.021739130434782608,0.021739130434782608,0.021739130434782608,0.2608695652173913,0.2608695652173913,0.2608695652173913,0.043478260869565216,0.043478260869565216,0.043478260869565216,-0.44941849297356384,-0.44941849297356384,-0.44941849297356384,32.0,32.0,32.0,3.59375,3.59375,3.59375,0.40625,0.40625,0.40625,0.0,0.0,0.0,3.2857142857142856,3.2857142857142856,3.2857142857142856,5.294117647058823,5.294117647058823,5.294117647058823,-0.10256191935990122,-0.10256191935990122,-0.10256191935990122,14.0,14.0,14.0,4.428571428571429,4.428571428571429,4.428571428571429,0.2857142857142857,0.2857142857142857,0.2857142857142857,0.07142857142857142,0.07142857142857142,0.07142857142857142,Week 2
2026_02_LV_LAC,2026,2,LAC,2026-09-20 00:00:00+00:00,-0.24395900345110683,-0.24395900345110683,-0.24395900345110683,51.0,51.0,51.0,5.254901960784314,5.254901960784314,5.254901960784314,0.39215686274509803,0.39215686274509803,0.39215686274509803,0.0784313725490196,0.0784313725490196,0.0784313725490196,0.1568627450980392,0.1568627450980392,0.1568627450980392,0.0392156862745098,0.0392156862745098,0.0392156862745098,-0.1869222105674756,-0.1869222105674756,-0.1869222105674756,30.0,30.0,30.0,6.233333333333333,6.233333333333333,6.233333333333333,0.43333333333333335,0.43333333333333335,0.43333333333333335,0.06666666666666667,0.06666666666666667,0.06666666666666667,10.11111111111111,10.11111111111111,10.11111111111111,4.588235294117647,4.588235294117647,4.588235294117647,-0.32544013614200856,-0.32544013614200856,-0.32544013614200856,21.0,21.0,21.0,3.857142857142857,3.857142857142857,3.857142857142857,0.3333333333333333,0.3333333333333333,0.3333333333333333,0.09523809523809523,0.09523809523809523,0.09523809523809523,0.1441429099391437,0.1441429099391437,0.1441429099391437,69.0,69.0,69.0,5.739130434782608,5.739130434782608,5.739130434782608,0.4927536231884058,0.4927536231884058,0.4927536231884058,0.07246376811594203,0.07246376811594203,0.07246376811594203,0.18840579710144928,0.18840579710144928,0.18840579710144928,0.08695652173913043,0.08695652173913043,0.08695652173913043,0.2371806496092959,0.2371806496092959,0.2371806496092959,38.0,38.0,38.0,7.2894736842105265,7.2894736842105265,7.2894736842105265,0.5526315789473685,0.5526315789473685,0.5526315789473685,0.05263157894736842,0.05263157894736842,0.05263157894736842,7.648648648648648,7.648648648648648,7.648648648648648,3.6296296296296298,3.6296296296296298,3.6296296296296298,0.030096648407989344,0.030096648407989344,0.030096648407989344,31.0,31.0,31.0,3.838709677419355,3.838709677419355,3.838709677419355,0.41935483870967744,0.41935483870967744,0.41935483870967744,0.0967741935483871,0.0967741935483871,0.0967741935483871,Week 2
2026_02_LV_LAC,2026,2,LV,2026-09-20 00:00:00+00:00,-0.0391491414700979,-0.0391491414700979,-0.0391491414700979,64.0,64.0,64.0,4.625,4.625,4.625,0.421875,0.421875,0.421875,0.078125,0.078125,0.078125,0.1875,0.1875,0.1875,0.09375,0.09375,0.09375,0.013106488745309857,0.013106488745309857,0.013106488745309857,30.0,30.0,30.0,5.333333333333333,5.333333333333333,5.333333333333333,0.43333333333333335,0.43333333333333335,0.43333333333333335,0.03333333333333333,0.03333333333333333,0.03333333333333333,7.533333333333333,7.533333333333333,7.533333333333333,3.3333333333333335,3.3333333333333335,3.3333333333333335,-0.08525705048369299,-0.08525705048369299,-0.08525705048369299,34.0,34.0,34.0,4.0,4.0,4.0,0.4117647058823529,0.4117647058823529,0.4117647058823529,0.11764705882352941,0.11764705882352941,0.11764705882352941,-0.2358898858888132,-0.2358898858888132,-0.2358898858888132,50.0,50.0,50.0,5.18,5.18,5.18,0.34,0.34,0.34,0.14,0.14,0.14,0.2,0.2,0.2,0.04,0.04,0.04,-0.288433956995324,-0.288433956995324,-0.288433956995324,32.0,32.0,32.0,5.78125,5.78125,5.78125,0.34375,0.34375,0.34375,0.15625,0.15625,0.15625,11.444444444444445,11.444444444444445,11.444444444444445,6.4,6.4,6.4,-0.14247820392168295,-0.14247820392168295,-0.14247820392168295,18.0,18.0,18.0,4.111111111111111,4.111111111111111,4.111111111111111,0.3333333333333333,0.3333333333333333,0.3333333333333333,0.1111111111111111,0.1111111111111111,0.1111111111111111,Week 2
2026_02_MIA_SF,2026,2,MIA,2026-09-20 00:00:00+00:00,-0.2358898858888132,-0.2358898858888132,-0.2358898858888132,50.0,50.0,50.0,5.18,5.18,5.18,0.34,0.34,0.34,0.14,0.14,0.14,0.2,0.2,0.2,0.04,0.04,0.04,-0.288433956995324,-0.288433956995324,-0.288433956995324,32.0,32.0,32.0,5.78125,5.78125,5.78125,0.34375,0.34375,0.34375,0.15625,0.15625,0.15625,11.444444444444445,11.444444444444445,11.444444444444445,6.4,6.4,6.4,-0.14247820392168295,-0.14247820392168295,-0.14247820392168295,18.0,18.0,18.0,4.111111111111111,4.111111111111111,4.111111111111111,0.3333333333333333,0.3333333333333333,0.3333333333333333,0.1111111111111111,0.1111111111111111,0.1111111111111111,-0.0391491414700979,-0.0391491414700979,-0.0391491414700979,64.0,64.0,64.0,4.625,4.625,4.625,0.421875,0.421875,0.421875,0.078125,0.078125,0.078125,0.1875,0.1875,0.1875,0.09375,0.09375,0.09375,0.013106488745309857,0.013106488745309857,0.013106488745309857,30.0,30.0,30.0,5.333333333333333,5.333333333333333,5.333333333333333,0.43333333333333335,0.43333333333333335,0.43333333333333335,0.03333333333333333,0.03333333333333333,0.03333333333333333,7.533333333333333,7.533333333333333,7.533333333333333,3.3333333333333335,3.3333333333333335,3.3333333333333335,-0.08525705048369299,-0.08525705048369299,-0.08525705048369299,34.0,34.0,34.0,4.0,4.0,4.0,0.4117647058823529,0.4117647058823529,0.4117647058823529,0.11764705882352941,0.11764705882352941,0.11764705882352941,Week 2
2026_02_MIN_CHI,2026,2,MIN,2026-09-20 00:00:00+00:00,-0.019597688479754544,-0.019597688479754544,-0.019597688479754544,59.0,59.0,59.0,4.135593220338983,4.135593220338983,4.135593220338983,0.3559322033898305,0.3559322033898305,0.3559322033898305,0.03389830508474576,0.03389830508474576,0.03389830508474576,0.23728813559322035,0.23728813559322035,0.23728813559322035,0.15254237288135594,0.15254237288135594,0.15254237288135594,0.018529170133391646,0.018529170133391646,0.018529170133391646,28.0,28.0,28.0,4.785714285714286,4.785714285714286,4.785714285714286,0.39285714285714285,0.39285714285714285,0.39285714285714285,0.03571428571428571,0.03571428571428571,0.03571428571428571,7.333333333333333,7.333333333333333,7.333333333333333,3.066666666666667,3.066666666666667,3.066666666666667,-0.054034851098080136,-0.054034851098080136,-0.054034851098080136,31.0,31.0,31.0,3.5483870967741935,3.5483870967741935,3.5483870967741935,0.3225806451612903,0.3225806451612903,0.3225806451612903,0.03225806451612903,0.03225806451612903,0.03225806451612903,-0.17482567798843685,-0.17482567798843685,-0.17482567798843685,67.0,67.0,67.0,6.253731343283582,6.253731343283582,6.253731343283582,0.3880597014925373,0.3880597014925373,0.3880597014925373,0.13432835820895522,0.13432835820895522,0.13432835820895522,0.1791044776119403,0.1791044776119403,0.1791044776119403,0.04477611940298507,0.04477611940298507,0.04477611940298507,-0.05877491507986125,-0.05877491507986125,-0.05877491507986125,46.0,46.0,46.0,7.673913043478261,7.673913043478261,7.673913043478261,0.41304347826086957,0.41304347826086957,0.41304347826086957,0.15217391304347827,0.15217391304347827,0.15217391304347827,11.166666666666666,11.166666666666666,11.166666666666666,7.619047619047619,7.619047619047619,7.619047619047619,-0.4290321110262691,-0.4290321110262691,-0.4290321110262691,21.0,21.0,21.0,3.142857142857143,3.142857142857143,3.142857142857143,0.3333333333333333,0.3333333333333333,0.3333333333333333,0.09523809523809523,0.09523809523809523,0.09523809523809523,Week 2
2026_02_PIT_NE,2026,2,NE,2026-09-20 00:00:00+00:00,-0.1096282705405689,-0.1096282705405689,-0.1096282705405689,67.0,67.0,67.0,4.134328358208955,4.134328358208955,4.134328358208955,0.417910447761194,0.417910447761194,0.417910447761194,0.04477611940298507,0.04477611940298507,0.04477611940298507,0.23880597014925373,0.23880597014925373,0.23880597014925373,0.08955223880597014,0.08955223880597014,0.08955223880597014,-0.1283709487496106,-0.1283709487496106,-0.1283709487496106,36.0,36.0,36.0,4.666666666666667,4.666666666666667,4.666666666666667,0.4722222222222222,0.4722222222222222,0.4722222222222222,0.0,0.0,0.0,6.696969696969697,6.696969696969697,6.696969696969697,4.826086956521739,4.826086956521739,4.826086956521739,-0.08786257971716564,-0.08786257971716564,-0.08786257971716564,31.0,31.0,31.0,3.5161290322580645,3.5161290322580645,3.5161290322580645,0.3548387096774194,0.3548387096774194,0.3548387096774194,0.0967741935483871,0.0967741935483871,0.0967741935483871,0.06560319343278394,0.06560319343278394,0.06560319343278394,47.0,47.0,47.0,6.085106382978723,6.085106382978723,6.085106382978723,0.40425531914893614,0.40425531914893614,0.40425531914893614,0.1276595744680851,0.1276595744680851,0.1276595744680851,0.23404255319148937,0.23404255319148937,0.23404255319148937,0.0425531914893617,0.0425531914893617,0.0425531914893617,0.16801726550264592,0.16801726550264592,0.16801726550264592,26.0,26.0,26.0,7.230769230769231,7.230769230769231,7.230769230769231,0.46153846153846156,0.46153846153846156,0.46153846153846156,0.11538461538461539,0.11538461538461539,0.11538461538461539,6.416666666666667,6.416666666666667,6.416666666666667,6.117647058823529,6.117647058823529,6.117647058823529,-0.06119518151085469,-0.06119518151085469,-0.06119518151085469,21.0,21.0,21.0,4.666666666666667,4.666666666666667,4.666666666666667,0.3333333333333333,0.3333333333333333,0.3333333333333333,0.14285714285714285,0.14285714285714285,0.14285714285714285,Week 2
2026_02_NO_BAL,2026,2,NO,2026-09-20 00:00:00+00:00,-0.03067701875351575,-0.03067701875351575,-0.03067701875351575,86.0,86.0,86.0,5.453488372093023,5.453488372093023,5.453488372093023,0.4186046511627907,0.4186046511627907,0.4186046511627907,0.09302325581395349,0.09302325581395349,0.09302325581395349,0.19767441860465115,0.19767441860465115,0.19767441860465115,0.09302325581395349,0.09302325581395349,0.09302325581395349,-0.016098134454466003,-0.016098134454466003,-0.016098134454466003,61.0,61.0,61.0,6.19672131147541,6.19672131147541,6.19672131147541,0.45901639344262296,0.45901639344262296,0.45901639344262296,0.09836065573770492,0.09836065573770492,0.09836065573770492,8.763636363636364,8.763636363636364,8.763636363636364,3.3142857142857145,3.3142857142857145,3.3142857142857145,-0.06624949644319714,-0.06624949644319714,-0.06624949644319714,25.0,25.0,25.0,3.64,3.64,3.64,0.32,0.32,0.32,0.08,0.08,0.08,0.00040982694171410976,0.00040982694171410976,0.00040982694171410976,73.0,73.0,73.0,5.054794520547945,5.054794520547945,5.054794520547945,0.4520547945205479,0.4520547945205479,0.4520547945205479,0.1095890410958904,0.1095890410958904,0.1095890410958904,0.1780821917808219,0.1780821917808219,0.1780821917808219,0.0684931506849315,0.0684931506849315,0.0684931506849315,0.018428114368014337,0.018428114368014337,0.018428114368014337,40.0,40.0,40.0,5.1,5.1,5.1,0.425,0.425,0.425,0.025,0.025,0.025,5.3076923076923075,5.3076923076923075,5.3076923076923075,3.730769230769231,3.730769230769231,3.730769230769231,-0.021430521453801317,-0.021430521453801317,-0.021430521453801317,33.0,33.0,33.0,5.0,5.0,5.0,0.48484848484848486,0.48484848484848486,0.48484848484848486,0.21212121212121213,0.21212121212121213,0.21212121212121213,Week 2
2026_02_GB_NYJ,2026,2,NYJ,2026-09-20 00:00:00+00:00,0.16835011036526987,0.16835011036526987,0.16835011036526987,60.0,60.0,60.0,6.166666666666667,6.166666666666667,6.166666666666667,0.5,0.5,0.5,0.11666666666666667,0.11666666666666667,0.11666666666666667,0.18333333333333332,0.18333333333333332,0.18333333333333332,0.03333333333333333,0.03333333333333333,0.03333333333333333,0.4064521710191151,0.4064521710191151,0.4064521710191151,24.0,24.0,24.0,8.958333333333334,8.958333333333334,8.958333333333334,0.5,0.5,0.5,0.16666666666666666,0.16666666666666666,0.16666666666666666,7.0,7.0,7.0,4.315789473684211,4.315789473684211,4.315789473684211,0.009615403262706379,0.009615403262706379,0.009615403262706379,36.0,36.0,36.0,4.305555555555555,4.305555555555555,4.305555555555555,0.5,0.5,0.5,0.08333333333333333,0.08333333333333333,0.08333333333333333,-0.11862377440619905,-0.11862377440619905,-0.11862377440619905,49.0,49.0,49.0,3.979591836734694,3.979591836734694,3.979591836734694,0.4489795918367347,0.4489795918367347,0.4489795918367347,0.04081632653061224,0.04081632653061224,0.04081632653061224,0.24489795918367346,0.24489795918367346,0.24489795918367346,0.08163265306122448,0.08163265306122448,0.08163265306122448,-0.21003582130091553,-0.21003582130091553,-0.21003582130091553,35.0,35.0,35.0,3.6285714285714286,3.6285714285714286,3.6285714285714286,0.42857142857142855,0.42857142857142855,0.42857142857142855,0.0,0.0,0.0,5.9375,5.9375,5.9375,4.105263157894737,4.105263157894737,4.105263157894737,0.1099063428305921,0.1099063428305921,0.1099063428305921,14.0,14.0,14.0,4.857142857142857,4.857142857142857,4.857142857142857,0.5,0.5,0.5,0.14285714285714285,0.14285714285714285,0.14285714285714285,Week 2
2026_02_PHI_TEN,2026,2,PHI,2026-09-20 00:00:00+00:00,0.07101635681436469,0.07101635681436469,0.07101635681436469,51.0,51.0,51.0,6.2745098039215685,6.2745098039215685,6.2745098039215685,0.35294117647058826,0.35294117647058826,0.35294117647058826,0.11764705882352941,0.11764705882352941,0.11764705882352941,0.27450980392156865,0.27450980392156865,0.27450980392156865,0.11764705882352941,0.11764705882352941,0.11764705882352941,0.04547772599315103,0.04547772599315103,0.04547772599315103,28.0,28.0,28.0,6.5,6.5,6.5,0.35714285714285715,0.35714285714285715,0.35714285714285715,0.10714285714285714,0.10714285714285714,0.10714285714285714,9.0,9.0,9.0,4.642857142857143,4.642857142857143,4.642857142857143,0.1021068639010596,0.1021068639010596,0.1021068639010596,23.0,23.0,23.0,6.0,6.0,6.0,0.34782608695652173,0.34782608695652173,0.34782608695652173,0.13043478260869565,0.13043478260869565,0.13043478260869565,0.05989679134006748,0.05989679134006748,0.05989679134006748,68.0,68.0,68.0,4.338235294117647,4.338235294117647,4.338235294117647,0.4264705882352941,0.4264705882352941,0.4264705882352941,0.07352941176470588,0.07352941176470588,0.07352941176470588,0.22058823529411764,0.22058823529411764,0.22058823529411764,0.07352941176470588,0.07352941176470588,0.07352941176470588,0.10849542931035999,0.10849542931035999,0.10849542931035999,36.0,36.0,36.0,4.527777777777778,4.527777777777778,4.527777777777778,0.3611111111111111,0.3611111111111111,0.3611111111111111,0.027777777777777776,0.027777777777777776,0.027777777777777776,9.323529411764707,9.323529411764707,9.323529411764707,3.9444444444444446,3.9444444444444446,3.9444444444444446,0.005223323623488402,0.005223323623488402,0.005223323623488402,32.0,32.0,32.0,4.125,4.125,4.125,0.5,0.5,0.5,0.125,0.125,0.125,Week 2
2026_02_PIT_NE,2026,2,PIT,2026-09-20 00:00:00+00:00,-0.3027764990925035,-0.3027764990925035,-0.3027764990925035,61.0,61.0,61.0,4.377049180327869,4.377049180327869,4.377049180327869,0.32786885245901637,0.32786885245901637,0.32786885245901637,0.06557377049180328,0.06557377049180328,0.06557377049180328,0.19672131147540983,0.19672131147540983,0.19672131147540983,0.04918032786885246,0.04918032786885246,0.04918032786885246,-0.32394570725482785,-0.32394570725482785,-0.32394570725482785,43.0,43.0,43.0,4.790697674418604,4.790697674418604,4.790697674418604,0.3488372093023256,0.3488372093023256,0.3488372093023256,0.06976744186046512,0.06976744186046512,0.06976744186046512,9.926829268292684,9.926829268292684,9.926829268292684,5.041666666666667,5.041666666666667,5.041666666666667,-0.2522056129269509,-0.2522056129269509,-0.2522056129269509,18.0,18.0,18.0,3.388888888888889,3.388888888888889,3.388888888888889,0.2777777777777778,0.2777777777777778,0.2777777777777778,0.05555555555555555,0.05555555555555555,0.05555555555555555,-0.3210057183179151,-0.3210057183179151,-0.3210057183179151,57.0,57.0,57.0,4.175438596491228,4.175438596491228,4.175438596491228,0.38596491228070173,0.38596491228070173,0.38596491228070173,0.10526315789473684,0.10526315789473684,0.10526315789473684,0.21052631578947367,0.21052631578947367,0.21052631578947367,0.03508771929824561,0.03508771929824561,0.03508771929824561,-0.6063287474406966,-0.6063287474406966,-0.6063287474406966,26.0,26.0,26.0,4.538461538461538,4.538461538461538,4.538461538461538,0.3076923076923077,0.3076923076923077,0.3076923076923077,0.11538461538461539,0.11538461538461539,0.11538461538461539,3.5,3.5,3.5,9.833333333333334,9.833333333333334,9.833333333333334,-0.08170253260203367,-0.08170253260203367,-0.08170253260203367,31.0,31.0,31.0,3.870967741935484,3.870967741935484,3.870967741935484,0.45161290322580644,0.45161290322580644,0.45161290322580644,0.0967741935483871,0.0967741935483871,0.0967741935483871,Week 2
2026_02_SEA_ARI,2026,2,SEA,2026-09-20 00:00:00+00:00,0.06560319343278394,0.06560319343278394,0.06560319343278394,47.0,47.0,47.0,6.085106382978723,6.085106382978723,6.085106382978723,0.40425531914893614,0.40425531914893614,0.40425531914893614,0.1276595744680851,0.1276595744680851,0.1276595744680851,0.23404255319148937,0.23404255319148937,0.23404255319148937,0.0425531914893617,0.0425531914893617,0.0425531914893617,0.16801726550264592,0.16801726550264592,0.16801726550264592,26.0,26.0,26.0,7.230769230769231,7.230769230769231,7.230769230769231,0.46153846153846156,0.46153846153846156,0.46153846153846156,0.11538461538461539,0.11538461538461539,0.11538461538461539,6.416666666666667,6.416666666666667,6.416666666666667,6.117647058823529,6.117647058823529,6.117647058823529,-0.06119518151085469,-0.06119518151085469,-0.06119518151085469,21.0,21.0,21.0,4.666666666666667,4.666666666666667,4.666666666666667,0.3333333333333333,0.3333333333333333,0.3333333333333333,0.14285714285714285,0.14285714285714285,0.14285714285714285,-0.1096282705405689,-0.1096282705405689,-0.1096282705405689,67.0,67.0,67.0,4.134328358208955,4.134328358208955,4.134328358208955,0.417910447761194,0.417910447761194,0.417910447761194,0.04477611940298507,0.04477611940298507,0.04477611940298507,0.23880597014925373,0.23880597014925373,0.23880597014925373,0.08955223880597014,0.08955223880597014,0.08955223880597014,-0.1283709487496106,-0.1283709487496106,-0.1283709487496106,36.0,36.0,36.0,4.666666666666667,4.666666666666667,4.666666666666667,0.4722222222222222,0.4722222222222222,0.4722222222222222,0.0,0.0,0.0,6.696969696969697,6.696969696969697,6.696969696969697,4.826086956521739,4.826086956521739,4.826086956521739,-0.08786257971716564,-0.08786257971716564,-0.08786257971716564,31.0,31.0,31.0,3.5161290322580645,3.5161290322580645,3.5161290322580645,0.3548387096774194,0.3548387096774194,0.3548387096774194,0.0967741935483871,0.0967741935483871,0.0967741935483871,Week 2
2026_02_MIA_SF,2026,2,SF,2026-09-20 00:00:00+00:00,0.1787675614351816,0.1787675614351816,0.1787675614351816,64.0,64.0,64.0,5.921875,5.921875,5.921875,0.5625,0.5625,0.5625,0.09375,0.09375,0.09375,0.1875,0.1875,0.1875,0.109375,0.109375,0.109375,0.1419302216435567,0.1419302216435567,0.1419302216435567,34.0,34.0,34.0,6.029411764705882,6.029411764705882,6.029411764705882,0.5588235294117647,0.5588235294117647,0.5588235294117647,0.029411764705882353,0.029411764705882353,0.029411764705882353,4.382352941176471,4.382352941176471,4.382352941176471,4.68,4.68,4.68,0.2205165465323565,0.2205165465323565,0.2205165465323565,30.0,30.0,30.0,5.8,5.8,5.8,0.5666666666666667,0.5666666666666667,0.5666666666666667,0.16666666666666666,0.16666666666666666,0.16666666666666666,-0.26463892335699973,-0.26463892335699973,-0.26463892335699973,56.0,56.0,56.0,5.196428571428571,5.196428571428571,5.196428571428571,0.42857142857142855,0.42857142857142855,0.42857142857142855,0.07142857142857142,0.07142857142857142,0.07142857142857142,0.16071428571428573,0.16071428571428573,0.16071428571428573,0.03571428571428571,0.03571428571428571,0.03571428571428571,-0.3938521855889121,-0.3938521855889121,-0.3938521855889121,28.0,28.0,28.0,6.0,6.0,6.0,0.35714285714285715,0.35714285714285715,0.35714285714285715,0.07142857142857142,0.07142857142857142,0.07142857142857142,9.107142857142858,9.107142857142858,9.107142857142858,5.176470588235294,5.176470588235294,5.176470588235294,-0.1354256611250873,-0.1354256611250873,-0.1354256611250873,28.0,28.0,28.0,4.392857142857143,4.392857142857143,4.392857142857143,0.5,0.5,0.5,0.07142857142857142,0.07142857142857142,0.07142857142857142,Week 2
2026_02_CLE_TB,2026,2,TB,2026-09-20 00:00:00+00:00,-0.18521386813511093,-0.18521386813511093,-0.18521386813511093,51.0,51.0,51.0,5.549019607843137,5.549019607843137,5.549019607843137,0.47058823529411764,0.47058823529411764,0.47058823529411764,0.058823529411764705,0.058823529411764705,0.058823529411764705,0.19607843137254902,0.19607843137254902,0.19607843137254902,0.09803921568627451,0.09803921568627451,0.09803921568627451,-0.24725821220238764,-0.24725821220238764,-0.24725821220238764,32.0,32.0,32.0,6.03125,6.03125,6.03125,0.46875,0.46875,0.46875,0.0625,0.0625,0.0625,5.107142857142857,5.107142857142857,5.107142857142857,7.260869565217392,7.260869565217392,7.260869565217392,-0.08071813075864491,-0.08071813075864491,-0.08071813075864491,19.0,19.0,19.0,4.7368421052631575,4.7368421052631575,4.7368421052631575,0.47368421052631576,0.47368421052631576,0.47368421052631576,0.05263157894736842,0.05263157894736842,0.05263157894736842,-0.0015601707333382329,-0.0015601707333382329,-0.0015601707333382329,62.0,62.0,62.0,5.67741935483871,5.67741935483871,5.67741935483871,0.46774193548387094,0.46774193548387094,0.46774193548387094,0.11290322580645161,0.11290322580645161,0.11290322580645161,0.22580645161290322,0.22580645161290322,0.22580645161290322,0.12903225806451613,0.12903225806451613,0.12903225806451613,-0.07297091840060486,-0.07297091840060486,-0.07297091840060486,36.0,36.0,36.0,6.805555555555555,6.805555555555555,6.805555555555555,0.5,0.5,0.5,0.08333333333333333,0.08333333333333333,0.08333333333333333,6.457142857142857,6.457142857142857,6.457142857142857,5.76,5.76,5.76,0.09731624911364634,0.09731624911364634,0.09731624911364634,26.0,26.0,26.0,4.115384615384615,4.115384615384615,4.115384615384615,0.4230769230769231,0.4230769230769231,0.4230769230769231,0.15384615384615385,0.15384615384615385,0.15384615384615385,Week 2
2026_02_PHI_TEN,2026,2,TEN,2026-09-20 00:00:00+00:00,-0.11862377440619905,-0.11862377440619905,-0.11862377440619905,49.0,49.0,49.0,3.979591836734694,3.979591836734694,3.979591836734694,0.4489795918367347,0.4489795918367347,0.4489795918367347,0.04081632653061224,0.04081632653061224,0.04081632653061224,0.24489795918367346,0.24489795918367346,0.24489795918367346,0.08163265306122448,0.08163265306122448,0.08163265306122448,-0.21003582130091553,-0.21003582130091553,-0.21003582130091553,35.0,35.0,35.0,3.6285714285714286,3.6285714285714286,3.6285714285714286,0.42857142857142855,0.42857142857142855,0.42857142857142855,0.0,0.0,0.0,5.9375,5.9375,5.9375,4.105263157894737,4.105263157894737,4.105263157894737,0.1099063428305921,0.1099063428305921,0.1099063428305921,14.0,14.0,14.0,4.857142857142857,4.857142857142857,4.857142857142857,0.5,0.5,0.5,0.14285714285714285,0.14285714285714285,0.14285714285714285,0.16835011036526987,0.16835011036526987,0.16835011036526987,60.0,60.0,60.0,6.166666666666667,6.166666666666667,6.166666666666667,0.5,0.5,0.5,0.11666666666666667,0.11666666666666667,0.11666666666666667,0.18333333333333332,0.18333333333333332,0.18333333333333332,0.03333333333333333,0.03333333333333333,0.03333333333333333,0.4064521710191151,0.4064521710191151,0.4064521710191151,24.0,24.0,24.0,8.958333333333334,8.958333333333334,8.958333333333334,0.5,0.5,0.5,0.16666666666666666,0.16666666666666666,0.16666666666666666,7.0,7.0,7.0,4.315789473684211,4.315789473684211,4.315789473684211,0.009615403262706379,0.009615403262706379,0.009615403262706379,36.0,36.0,36.0,4.305555555555555,4.305555555555555,4.305555555555555,0.5,0.5,0.5,0.08333333333333333,0.08333333333333333,0.08333333333333333,Week 2
2026_02_WAS_DAL,2026,2,WAS,2026-09-20 00:00:00+00:00,0.05989679134006748,0.05989679134006748,0.05989679134006748,68.0,68.0,68.0,4.338235294117647,4.338235294117647,4.338235294117647,0.4264705882352941,0.4264705882352941,0.4264705882352941,0.07352941176470588,0.07352941176470588,0.07352941176470588,0.22058823529411764,0.22058823529411764,0.22058823529411764,0.07352941176470588,0.07352941176470588,0.07352941176470588,0.10849542931035999,0.10849542931035999,0.10849542931035999,36.0,36.0,36.0,4.527777777777778,4.527777777777778,4.527777777777778,0.3611111111111111,0.3611111111111111,0.3611111111111111,0.027777777777777776,0.027777777777777776,0.027777777777777776,9.323529411764707,9.323529411764707,9.323529411764707,3.9444444444444446,3.9444444444444446,3.9444444444444446,0.005223323623488402,0.005223323623488402,0.005223323623488402,32.0,32.0,32.0,4.125,4.125,4.125,0.5,0.5,0.5,0.125,0.125,0.125,0.07101635681436469,0.07101635681436469,0.07101635681436469,51.0,51.0,51.0,6.2745098039215685,6.2745098039215685,6.2745098039215685,0.35294117647058826,0.35294117647058826,0.35294117647058826,0.11764705882352941,0.11764705882352941,0.11764705882352941,0.27450980392156865,0.27450980392156865,0.27450980392156865,0.11764705882352941,0.11764705882352941,0.11764705882352941,0.04547772599315103,0.04547772599315103,0.04547772599315103,28.0,28.0,28.0,6.5,6.5,6.5,0.35714285714285715,0.35714285714285715,0.35714285714285715,0.10714285714285714,0.10714285714285714,0.10714285714285714,9.0,9.0,9.0,4.642857142857143,4.642857142857143,4.642857142857143,0.1021068639010596,0.1021068639010596,0.1021068639010596,23.0,23.0,23.0,6.0,6.0,6.0,0.34782608695652173,0.34782608695652173,0.34782608695652173,0.13043478260869565,0.13043478260869565,0.13043478260869565,Week 2
2026_02_NYG_LA,2026,2,LA,2026-09-21 00:00:00+00:00,-0.26463892335699973,-0.26463892335699973,-0.26463892335699973,56.0,56.0,56.0,5.196428571428571,5.196428571428571,5.196428571428571,0.42857142857142855,0.42857142857142855,0.42857142857142855,0.07142857142857142,0.07142857142857142,0.07142857142857142,0.16071428571428573,0.16071428571428573,0.16071428571428573,0.03571428571428571,0.03571428571428571,0.03571428571428571,-0.3938521855889121,-0.3938521855889121,-0.3938521855889121,28.0,28.0,28.0,6.0,6.0,6.0,0.35714285714285715,0.35714285714285715,0.35714285714285715,0.07142857142857142,0.07142857142857142,0.07142857142857142,9.107142857142858,9.107142857142858,9.107142857142858,5.176470588235294,5.176470588235294,5.176470588235294,-0.1354256611250873,-0.1354256611250873,-0.1354256611250873,28.0,28.0,28.0,4.392857142857143,4.392857142857143,4.392857142857143,0.5,0.5,0.5,0.07142857142857142,0.07142857142857142,0.07142857142857142,0.1787675614351816,0.1787675614351816,0.1787675614351816,64.0,64.0,64.0,5.921875,5.921875,5.921875,0.5625,0.5625,0.5625,0.09375,0.09375,0.09375,0.1875,0.1875,0.1875,0.109375,0.109375,0.109375,0.1419302216435567,0.1419302216435567,0.1419302216435567,34.0,34.0,34.0,6.029411764705882,6.029411764705882,6.029411764705882,0.5588235294117647,0.5588235294117647,0.5588235294117647,0.029411764705882353,0.029411764705882353,0.029411764705882353,4.382352941176471,4.382352941176471,4.382352941176471,4.68,4.68,4.68,0.2205165465323565,0.2205165465323565,0.2205165465323565,30.0,30.0,30.0,5.8,5.8,5.8,0.5666666666666667,0.5666666666666667,0.5666666666666667,0.16666666666666666,0.16666666666666666,0.16666666666666666,Week 2
2026_02_NYG_LA,2026,2,NYG,2026-09-21 00:00:00+00:00,0.36887921085939385,0.36887921085939385,0.36887921085939385,65.0,65.0,65.0,6.138461538461539,6.138461538461539,6.138461538461539,0.6,0.6,0.6,0.06153846153846154,0.06153846153846154,0.06153846153846154,0.15384615384615385,0.15384615384615385,0.15384615384615385,0.13846153846153847,0.13846153846153847,0.13846153846153847,0.7068532854290454,0.7068532854290454,0.7068532854290454,31.0,31.0,31.0,7.387096774193548,7.387096774193548,7.387096774193548,0.7096774193548387,0.7096774193548387,0.7096774193548387,0.0,0.0,0.0,8.448275862068966,8.448275862068966,8.448275862068966,3.739130434782609,3.739130434782609,3.739130434782609,0.06072637816353509,0.06072637816353509,0.06072637816353509,34.0,34.0,34.0,5.0,5.0,5.0,0.5,0.5,0.5,0.11764705882352941,0.11764705882352941,0.11764705882352941,0.22067005183914892,0.22067005183914892,0.22067005183914892,52.0,52.0,52.0,4.6923076923076925,4.6923076923076925,4.6923076923076925,0.46153846153846156,0.46153846153846156,0.46153846153846156,0.019230769230769232,0.019230769230769232,0.019230769230769232,0.21153846153846154,0.21153846153846154,0.21153846153846154,0.15384615384615385,0.15384615384615385,0.15384615384615385,0.3053206695459427,0.3053206695459427,0.3053206695459427,34.0,34.0,34.0,5.147058823529412,5.147058823529412,5.147058823529412,0.4411764705882353,0.4411764705882353,0.4411764705882353,0.0,0.0,0.0,9.088235294117647,9.088235294117647,9.088235294117647,4.136363636363637,4.136363636363637,4.136363636363637,0.060774440615205094,0.060774440615205094,0.060774440615205094,18.0,18.0,18.0,3.8333333333333335,3.8333333333333335,3.8333333333333335,0.5,0.5,0.5,0.05555555555555555,0.05555555555555555,0.05555555555555555,Week 2
2026_03_ATL_GB,2026,3,ATL,2026-09-24 00:00:00+00:00,-0.3971881413105899,-0.37433341441278745,-0.3971881413105899,62.0,60.5,62.0,4.222047656454569,4.208064938465567,4.222047656454569,0.3720869337522912,0.37625032731081437,0.3720869337522912,0.07501963864886095,0.08409269442262372,0.07501963864886095,0.20227808326787117,0.2047525530243519,0.20227808326787117,0.047394605917779525,0.043702539931919346,0.047394605917779525,-0.6610313544064214,-0.644620572316704,-0.6610313544064214,30.5,29.15,30.5,4.112087912087912,4.24,4.112087912087912,0.310989010989011,0.31,0.310989010989011,0.057692307692307696,0.07500000000000002,0.057692307692307696,4.234375,4.0140625,4.234375,7.861111111111112,8.45277777777778,7.861111111111112,-0.14499406568060463,-0.12600660575703335,-0.14499406568060463,31.5,31.35,31.5,4.388608870967742,4.233316532258065,4.388608870967742,0.42893145161290325,0.4357358870967742,0.42893145161290325,0.09526209677419355,0.09571572580645162,0.09526209677419355,-0.08033865378819303,-0.14707000737948622,-0.08033865378819303,60.0,60.3,60.0,5.10377882745207,4.88575993331481,5.10377882745207,0.38427340928035564,0.36735204223395385,0.38427340928035564,0.0836343428730203,0.07821617115865519,0.0836343428730203,0.2170047235343151,0.2109196999166435,0.2170047235343151,0.07543762156154488,0.06756043345373715,0.07543762156154488,-0.01631450099720061,-0.10860386287448885,-0.01631450099720061,40.5,41.25,40.5,5.974296205630354,5.61921664626683,5.974296205630354,0.3981028151774786,0.3833231334149327,0.3981028151774786,0.10067319461444307,0.0914014687882497,0.10067319461444307,9.282859078590786,9.476050135501357,9.282859078590786,4.433876811594203,4.6162137681159425,4.433876811594203,-0.1900595326645536,-0.2087033567432728,-0.1900595326645536,19.5,19.05,19.5,3.4087301587301586,3.402777777777778,3.4087301587301586,0.35317460317460314,0.3305555555555556,0.35317460317460314,0.051587301587301584,0.05277777777777778,0.051587301587301584,Week 3
2026_03_ATL_GB,2026,3,GB,2026-09-24 00:00:00+00:00,-0.19850352518424136,-0.1914001710255,-0.19850352518424136,58.5,61.05000000000001,58.5,5.116865671641791,5.457925373134329,5.116865671641791,0.3540298507462687,0.3642388059701493,0.3540298507462687,0.09716417910447761,0.1083134328358209,0.09716417910447761,0.17955223880597015,0.1794179104477612,0.17955223880597015,0.032388059701492534,0.0361044776119403,0.032388059701492534,-0.07889533701333327,-0.07285921043329166,-0.07889533701333327,39.0,41.1,39.0,5.961956521739131,6.47554347826087,5.961956521739131,0.3627717391304348,0.3778532608695653,0.3627717391304348,0.09171195652173914,0.1098505434782609,0.09171195652173914,9.307471264367816,9.865229885057472,9.307471264367816,6.747023809523809,7.008630952380953,6.747023809523809,-0.43508728697714916,-0.4332707341918851,-0.43508728697714916,19.5,19.950000000000003,19.5,3.321428571428571,3.267857142857143,3.321428571428571,0.3333333333333333,0.3333333333333333,0.3333333333333333,0.10317460317460317,0.1007936507936508,0.10317460317460317,-0.06287999816895506,-0.049895305262194906,-0.06287999816895506,65.0,63.2,65.0,4.074838863690618,4.0930651706851275,4.074838863690618,0.3681069467653378,0.3644545237526856,0.3681069467653378,0.03807591310575316,0.036822630699450944,0.03807591310575316,0.2524468846980186,0.24789925996657913,0.2524468846980186,0.1396514681308188,0.14351873955597996,0.1396514681308188,0.05817593954575563,0.04628190872204643,0.05817593954575563,36.0,33.6,36.0,4.87012987012987,4.844805194805195,4.87012987012987,0.4237012987012987,0.41444805194805195,0.4237012987012987,0.02922077922077922,0.031168831168831172,0.02922077922077922,6.829166666666667,6.980416666666667,6.829166666666667,4.496296296296296,4.067407407407408,4.496296296296296,-0.24630859318026802,-0.18862647055561163,-0.24630859318026802,29.0,29.6,29.0,3.0149342891278375,3.1749701314217447,3.0149342891278375,0.2909199522102748,0.3004181600955795,0.2909199522102748,0.05316606929510155,0.04689366786140979,0.05316606929510155,Week 3
2026_03_ARI_SF,2026,3,ARI,2026-09-27 00:00:00+00:00,-0.09054654321262215,-0.020139707267092355,-0.09054654321262215,58.0,61.300000000000004,58.0,4.475948196114708,4.854902867715079,4.475948196114708,0.40595127967930933,0.43199198273203826,0.40595127967930933,0.04687018193031144,0.05454825778600062,0.04687018193031144,0.22186247301880974,0.2118254702436016,0.22186247301880974,0.07539315448658648,0.07886216466234967,0.07539315448658648,-0.016147678266943605,0.059850820095928306,-0.016147678266943605,34.0,35.2,34.0,4.994736842105263,5.683157894736842,4.994736842105263,0.4429824561403509,0.47587719298245623,0.4429824561403509,0.02631578947368421,0.034210526315789476,0.02631578947368421,5.770752895752896,6.334121621621622,5.770752895752896,3.5206971677559915,3.553376906318083,3.5206971677559915,-0.19676966534985063,-0.1287097712224986,-0.19676966534985063,24.0,26.100000000000005,24.0,3.978178368121442,3.936337760910816,3.978178368121442,0.3567362428842505,0.3755218216318786,0.3567362428842505,0.07779886148007589,0.08349146110056926,0.07779886148007589,-0.05515667550995945,-0.11179737389230371,-0.05515667550995945,59.0,56.6,59.0,5.470734562481709,5.40598478197249,5.470734562481709,0.42742171495463854,0.41684225929177643,0.42742171495463854,0.08399180567749487,0.0823236757389523,0.08399180567749487,0.17544629792215394,0.16987123207491955,0.17544629792215394,0.07184664910740415,0.062057360257535846,0.07184664910740415,0.20448844078975165,0.0870652453825834,0.20448844078975165,28.5,28.950000000000003,28.5,7.1722222222222225,6.890555555555556,7.1722222222222225,0.4759259259259259,0.4631481481481482,0.4759259259259259,0.07037037037037036,0.06925925925925926,0.07037037037037036,9.42094017094017,9.627991452991454,9.42094017094017,5.136222910216718,4.971826625386997,5.136222910216718,-0.25190777775948975,-0.2739674852742454,-0.25190777775948975,30.5,27.65,30.5,3.9535714285714283,3.924642857142857,3.9535714285714283,0.37916666666666665,0.36541666666666667,0.37916666666666665,0.09761904761904762,0.09690476190476191,0.09761904761904762,Week 3
2026_03_BAL_DAL,2026,3,BAL,2026-09-27 00:00:00+00:00,0.2188294758370088,0.24962580601269407,0.2188294758370088,57.5,58.25,57.5,7.078030303030303,7.4996212121212125,7.078030303030303,0.5681818181818181,0.5477272727272727,0.5681818181818181,0.12045454545454545,0.12931818181818183,0.12045454545454545,0.1484848484848485,0.14393939393939395,0.1484848484848485,0.06136363636363636,0.05795454545454545,0.06136363636363636,0.23945581420224044,0.2804284208237864,0.23945581420224044,29.5,28.45,29.5,8.937062937062937,9.763636363636365,8.937062937062937,0.5419580419580419,0.5409090909090909,0.5419580419580419,0.10314685314685315,0.10681818181818184,0.10314685314685315,10.975,11.057500000000001,10.975,6.970588235294118,7.861764705882353,6.970588235294118,0.20794410794042387,0.22949226534269682,0.20794410794042387,28.0,29.800000000000004,28.0,5.469251336898395,5.637299465240642,5.469251336898395,0.6216577540106951,0.576336898395722,0.6216577540106951,0.13368983957219252,0.14652406417112301,0.13368983957219252,-0.04608954722754288,-0.10463365198123228,-0.04608954722754288,58.5,56.85000000000001,58.5,4.719487028301886,4.724395636792453,4.719487028301886,0.43410966981132076,0.428405070754717,0.43410966981132076,0.1129127358490566,0.1186615566037736,0.1129127358490566,0.21152712264150944,0.2046727594339623,0.21152712264150944,0.09080188679245282,0.08054245283018868,0.09080188679245282,-0.08311438838421445,-0.1966620833731514,-0.08311438838421445,35.0,34.4,35.0,5.406224406224407,5.138902538902539,5.406224406224407,0.43857493857493857,0.4160933660933661,0.43857493857493857,0.09787059787059788,0.08669123669123668,0.09787059787059788,6.374288425047438,6.407163187855787,6.374288425047438,4.12962962962963,4.090740740740741,4.12962962962963,0.03545920864740083,0.06153369739193912,0.03545920864740083,23.5,22.450000000000003,23.5,3.8092592592592593,4.196481481481482,3.8092592592592593,0.4351851851851852,0.45462962962962966,0.4351851851851852,0.14351851851851852,0.175462962962963,0.14351851851851852,Week 3
2026_03_LAC_BUF,2026,3,BUF,2026-09-27 00:00:00+00:00,0.33194831315748374,0.30114129337267326,0.33194831315748374,59.0,56.9,59.0,7.343822843822844,7.506060606060606,7.343822843822844,0.48980186480186483,0.46401515151515155,0.48980186480186483,0.16783216783216784,0.16363636363636364,0.16783216783216784,0.16987179487179488,0.17083333333333334,0.16987179487179488,0.09702797202797203,0.08522727272727273,0.09702797202797203,0.45512199181620683,0.4548512435779849,0.45512199181620683,32.5,32.35,32.5,8.728693181818182,9.138210227272728,8.728693181818182,0.47632575757575757,0.46467803030303034,0.47632575757575757,0.1387310606060606,0.14398674242424245,0.1387310606060606,10.393770856507231,11.237708565072303,10.393770856507231,4.65,4.74,4.65,0.1412862593545552,0.05969645547989448,0.1412862593545552,26.5,24.55,26.5,5.296212121212121,5.012348484848484,5.296212121212121,0.49318181818181817,0.4502272727272727,0.49318181818181817,0.19621212121212123,0.18234848484848484,0.19621212121212123,0.1506594420032698,0.12613391767119,0.1506594420032698,67.5,69.15,67.5,5.472492266902342,5.396498011489173,5.472492266902342,0.47481219619973486,0.4720945647370747,0.47481219619973486,0.11124613345117101,0.11074900574458683,0.11124613345117101,0.19829871851524525,0.20456252761820592,0.19829871851524525,0.08020326999558108,0.08490941228457799,0.08020326999558108,0.2393955733792385,0.17852648292605222,0.2393955733792385,41.5,41.35,41.5,6.574622531939605,6.482723577235772,6.574622531939605,0.5296167247386759,0.5170731707317073,0.5296167247386759,0.10830429732868757,0.10508130081300814,0.10830429732868757,8.671052631578947,8.611842105263158,8.671052631578947,4.615384615384615,4.546153846153847,4.615384615384615,-0.04895390470698713,-0.0011381814309601307,-0.04895390470698713,26.0,27.800000000000004,26.0,3.5875,3.67375,3.5875,0.36875,0.389375,0.36875,0.1125,0.11625000000000002,0.1125,Week 3
2026_03_CAR_CLE,2026,3,CAR,2026-09-27 00:00:00+00:00,0.16181751865249228,0.16773301679340474,0.16181751865249228,60.5,60.95,60.5,6.770092946965555,7.051968288682341,6.770092946965555,0.4622744669218152,0.4687534171678513,0.4622744669218152,0.11536358665937671,0.11946418808091855,0.11536358665937671,0.1912247129579005,0.17740568616730454,0.1912247129579005,0.08310552214324768,0.0775287042099508,0.08310552214324768,0.2711876369858595,0.2651489165034894,0.2711876369858595,39.0,39.300000000000004,39.0,7.991447368421053,8.241513157894737,7.991447368421053,0.4486842105263158,0.44907894736842113,0.4486842105263158,0.1282894736842105,0.1273026315789474,0.1282894736842105,9.135233918128655,9.284137426900585,9.135233918128655,5.304347826086957,5.747826086956522,5.304347826086957,-0.03639127869066758,-0.008934626577220925,-0.03639127869066758,21.5,21.650000000000002,21.5,4.555194805194805,4.8931818181818185,4.555194805194805,0.487012987012987,0.5045454545454546,0.487012987012987,0.09199134199134198,0.10530303030303031,0.09199134199134198,-0.031994434715922254,0.10041840416028053,-0.031994434715922254,68.5,68.95,68.5,6.077185501066099,6.619744136460556,6.077185501066099,0.4505330490405117,0.4782302771855011,0.4505330490405117,0.08667377398720681,0.09924307036247335,0.08667377398720681,0.19701492537313434,0.19791044776119404,0.19701492537313434,0.10127931769722814,0.11375266524520257,0.10127931769722814,-0.1332659386083766,0.0414744682207544,-0.1332659386083766,33.0,32.400000000000006,33.0,6.0525345622119815,6.762580645161291,6.0525345622119815,0.46359447004608295,0.5083870967741936,0.46359447004608295,0.06451612903225806,0.0838709677419355,0.06451612903225806,7.984375,8.889062500000001,7.984375,4.84920634920635,4.537301587301588,4.84920634920635,0.08472199590479973,0.1726242743039924,0.08472199590479973,35.5,36.550000000000004,35.5,6.183894230769231,6.567187500000001,6.183894230769231,0.4467147435897436,0.4588541666666667,0.4467147435897436,0.1109775641025641,0.11614583333333334,0.1109775641025641,Week 3
2026_03_CIN_PIT,2026,3,CIN,2026-09-27 00:00:00+00:00,-0.0467414972272794,-0.03318709927909704,-0.0467414972272794,60.0,60.60000000000001,60.0,5.149054505005562,5.307563959955507,5.149054505005562,0.3890433815350389,0.4126529477196886,0.3890433815350389,0.10817575083426029,0.10959399332591768,0.10817575083426029,0.2422135706340378,0.23729143492769744,0.2422135706340378,0.10761957730812013,0.11404338153503894,0.10761957730812013,-0.04409275908423542,-0.05275620687914627,-0.04409275908423542,36.0,36.0,36.0,5.930555555555555,6.1930555555555555,5.930555555555555,0.3888888888888889,0.4222222222222223,0.3888888888888889,0.09722222222222221,0.09305555555555556,0.09722222222222221,6.01889400921659,6.150368663594471,6.01889400921659,4.755,5.056500000000001,4.755,-0.060064561447440865,-0.012850318279114675,-0.060064561447440865,24.0,24.6,24.0,4.012237762237762,4.043181818181818,4.012237762237762,0.39335664335664333,0.40227272727272734,0.39335664335664333,0.12237762237762238,0.13181818181818183,0.12237762237762238,-0.21627604828008073,-0.20695739423658982,-0.21627604828008073,63.5,59.75,63.5,5.235036119711042,5.329231166150671,5.235036119711042,0.39976780185758515,0.42101393188854497,0.39976780185758515,0.08204334365325078,0.07507739938080496,0.08204334365325078,0.2098813209494324,0.20574045407636737,0.2098813209494324,0.08191434468524252,0.08675180598555213,0.08191434468524252,-0.20215038677330407,-0.21568273440202917,-0.20215038677330407,45.0,41.1,45.0,5.722521551724138,5.815140086206897,5.722521551724138,0.4240301724137931,0.43744612068965516,0.4240301724137931,0.07435344827586207,0.07079741379310345,0.07435344827586207,6.970238095238095,6.411309523809524,6.970238095238095,5.947101449275363,6.341231884057971,5.947101449275363,-0.3095045321109629,-0.24086861170526747,-0.3095045321109629,18.5,18.650000000000002,18.5,4.035087719298246,4.245614035087719,4.035087719298246,0.3201754385964912,0.3662280701754387,0.3201754385964912,0.10964912280701754,0.09254385964912279,0.10964912280701754,Week 3
2026_03_CAR_CLE,2026,3,CLE,2026-09-27 00:00:00+00:00,-0.08745176928130702,-0.11649738743094624,-0.08745176928130702,51.0,50.400000000000006,51.0,5.313246053138236,5.3845783596457455,5.313246053138236,0.441470927993839,0.44372352714670776,0.441470927993839,0.05968425105891413,0.06626877165960723,0.05968425105891413,0.20427416249518676,0.1919715055833654,0.20427416249518676,0.05737389295340778,0.046284174046977274,0.05737389295340778,-0.020039428562814432,-0.12330572866838369,-0.020039428562814432,29.5,28.75,29.5,6.910300925925926,6.8927662037037045,6.910300925925926,0.5034722222222222,0.4857638888888889,0.5034722222222222,0.08680555555555555,0.09409722222222222,0.08680555555555555,6.9818181818181815,7.996363636363637,6.9818181818181815,6.364583333333334,6.236458333333333,6.364583333333334,-0.21686215508189727,-0.14081563690089033,-0.21686215508189727,21.5,21.650000000000002,21.5,3.0725108225108224,3.337121212121213,3.0725108225108224,0.3463203463203463,0.37878787878787884,0.3463203463203463,0.022727272727272728,0.029545454545454552,0.022727272727272728,0.09606130483068863,0.16869324539195854,0.09606130483068863,57.5,56.150000000000006,57.5,5.9487218502738894,6.218822276323799,5.9487218502738894,0.49543517954960437,0.5279367011564212,0.49543517954960437,0.14135727328058428,0.1498934875228241,0.14135727328058428,0.2139379184418746,0.2006999391357273,0.2139379184418746,0.10362142422398052,0.1008368837492392,0.10362142422398052,0.21302951149253793,0.38688910487930184,0.21302951149253793,30.5,28.55,30.5,7.253378378378379,8.002364864864866,7.253378378378379,0.5163288288288288,0.5739301801801803,0.5163288288288288,0.12387387387387387,0.13671171171171173,0.12387387387387387,11.452046035805626,11.172953964194374,11.452046035805626,3.6944444444444446,3.602777777777778,3.6944444444444446,0.07117472290626664,0.038457646466340034,0.07117472290626664,27.0,27.6,27.0,4.964137931034482,4.809379310344828,4.964137931034482,0.4986206896551724,0.5042068965517242,0.4986206896551724,0.16620689655172416,0.1680689655172414,0.16620689655172416,Week 3
2026_03_BAL_DAL,2026,3,DAL,2026-09-27 00:00:00+00:00,0.22365970232468335,0.22276280717902305,0.22365970232468335,53.0,52.7,53.0,5.42022792022792,5.201851851851853,5.42022792022792,0.5085470085470085,0.4944444444444445,0.5085470085470085,0.05591168091168091,0.0449074074074074,0.05591168091168091,0.20762108262108261,0.2087962962962963,0.20762108262108261,0.14173789173789175,0.14537037037037037,0.14173789173789175,0.3815092133278666,0.35865265019328946,0.3815092133278666,33.5,33.650000000000006,33.5,6.603832442067736,6.166800356506239,6.603832442067736,0.5387700534759359,0.5094919786096257,0.5387700534759359,0.06060606060606061,0.04242424242424241,0.06060606060606061,8.479601518026566,8.66219165085389,8.479601518026566,3.760489510489511,3.873251748251749,3.760489510489511,-0.03782613523695286,-0.00824596248130545,-0.03782613523695286,19.5,19.05,19.5,3.488095238095238,3.591666666666667,3.488095238095238,0.4642857142857143,0.47500000000000003,0.4642857142857143,0.051587301587301584,0.05277777777777778,0.051587301587301584,0.21881344530806685,0.263833174973465,0.21881344530806685,66.0,65.7,66.0,5.972215843857635,6.022089552238807,5.972215843857635,0.5537313432835821,0.5676119402985075,0.5537313432835821,0.08300803673938002,0.07656716417910447,0.08300803673938002,0.18140068886337543,0.17313432835820897,0.18140068886337543,0.12893226176808267,0.13179104477611941,0.12893226176808267,0.37074346148104237,0.4715764086654433,0.37074346148104237,33.0,32.400000000000006,33.0,6.650691244239631,6.871612903225808,6.650691244239631,0.5976958525345623,0.6312903225806452,0.5976958525345623,0.04285714285714286,0.029999999999999992,0.04285714285714286,9.352709359605912,9.081379310344829,9.352709359605912,3.8043478260869565,3.784782608695652,3.8043478260869565,0.08339314580122364,0.07659311550991707,0.08339314580122364,33.0,33.300000000000004,33.0,5.34375,5.2406250000000005,5.34375,0.515625,0.5109375,0.515625,0.1213235294117647,0.12022058823529413,0.1213235294117647,Week 3
2026_03_LA_DEN,2026,3,DEN,2026-09-27 00:00:00+00:00,-0.10969978245276557,-0.1799458823660185,-0.10969978245276557,51.0,49.5,51.0,5.450698757763975,4.969836956521739,5.450698757763975,0.4258540372670807,0.4089673913043478,0.4258540372670807,0.09122670807453417,0.07038043478260869,0.09122670807453417,0.21972049689440992,0.23206521739130437,0.21972049689440992,0.05745341614906832,0.05326086956521739,0.05745341614906832,-0.0887275307423935,-0.19693481941174468,-0.0887275307423935,31.5,31.650000000000002,31.5,6.442036290322581,5.587550403225807,6.442036290322581,0.46118951612903225,0.4447076612903226,0.46118951612903225,0.08064516129032258,0.05645161290322579,0.08064516129032258,5.965437788018432,5.161520737327189,5.965437788018432,4.851604278074866,4.9843582887700535,4.851604278074866,-0.08050993720727889,-0.08712553185306561,-0.08050993720727889,19.5,17.85,19.5,4.354285714285714,4.376571428571429,4.354285714285714,0.3628571428571429,0.33971428571428575,0.3628571428571429,0.11571428571428571,0.10242857142857142,0.11571428571428571,0.05843085703750581,0.09022980205227517,0.05843085703750581,59.5,60.85000000000001,59.5,5.5301136363636365,5.727329545454546,5.5301136363636365,0.42911931818181814,0.4269460227272728,0.42911931818181814,0.10014204545454546,0.10291193181818183,0.10014204545454546,0.23409090909090907,0.2388636363636364,0.23409090909090907,0.11576704545454546,0.12322443181818184,0.11576704545454546,-0.10605858139752097,-0.09805305588972496,-0.10605858139752097,30.0,29.700000000000003,30.0,5.7558398220244715,5.808398220244717,5.7558398220244715,0.41657397107897665,0.41573971078976646,0.41657397107897665,0.0828698553948832,0.07869855394883203,0.0828698553948832,7.669859514687101,6.846679438058748,7.669859514687101,6.592156862745098,7.93450980392157,6.592156862745098,0.21444487840183554,0.26004153929550483,0.21444487840183554,29.5,31.150000000000002,29.5,5.179166666666667,5.545416666666668,5.179166666666667,0.44345238095238093,0.43898809523809523,0.44345238095238093,0.11309523809523808,0.12202380952380953,0.11309523809523808,Week 3
2026_03_NYJ_DET,2026,3,DET,2026-09-27 00:00:00+00:00,0.11641050835929159,0.08161030393401834,0.11641050835929159,67.5,69.15,67.5,5.390300486080424,5.289648696420681,5.390300486080424,0.46796288113124174,0.4631904551480336,0.46796288113124174,0.11124613345117101,0.11074900574458683,0.11124613345117101,0.1777507733097658,0.17785019885108266,0.1777507733097658,0.06650463985859478,0.0671011931064958,0.06650463985859478,0.23036032796227016,0.16678066388399337,0.23036032796227016,41.0,40.7,41.0,5.9904761904761905,5.723333333333333,5.9904761904761905,0.4982142857142857,0.47625,0.4982142857142857,0.07202380952380952,0.05791666666666666,0.07202380952380952,7.088056680161943,6.553947368421053,7.088056680161943,4.288461538461538,4.121153846153846,4.288461538461538,-0.11488508520710583,-0.08684871608111447,-0.11488508520710583,26.5,28.450000000000003,26.5,4.15,4.405,4.15,0.39242424242424245,0.4201515151515152,0.39242424242424245,0.15606060606060607,0.1728787878787879,0.15606060606060607,0.2019806801766681,0.1321833704976129,0.2019806801766681,76.0,79.0,76.0,6.128259337561663,5.925828047921071,6.128259337561663,0.49718111346018323,0.4736081747709655,0.49718111346018323,0.13742071881606766,0.12410147991543341,0.13742071881606766,0.1821705426356589,0.1868217054263566,0.1821705426356589,0.11469344608879492,0.1081923890063425,0.11469344608879492,0.21996317574457358,0.14914478268486167,0.21996317574457358,47.0,51.2,47.0,6.780178837555887,6.605141579731743,6.780178837555887,0.4870839542970691,0.4786636860407353,0.4870839542970691,0.10978638847491307,0.10635866865375063,0.10978638847491307,8.172140762463343,8.34958944281525,8.172140762463343,3.8321428571428573,3.6767857142857143,3.8321428571428573,0.17350138791344677,0.10157612260645356,0.17350138791344677,29.0,27.8,29.0,4.941212121212121,4.550848484848485,4.941212121212121,0.47818181818181815,0.43072727272727274,0.47818181818181815,0.16121212121212122,0.13684848484848483,0.16121212121212122,Week 3
2026_03_HOU_IND,2026,3,HOU,2026-09-27 00:00:00+00:00,-0.08921526709769004,-0.04177837869948184,-0.08921526709769004,74.5,74.05000000000001,74.5,5.070115356885364,5.11483417447729,5.070115356885364,0.39735039653929344,0.4178713049747657,0.39735039653929344,0.10742609949531362,0.10807498197548666,0.10742609949531362,0.22143114635904831,0.22075522710886808,0.22143114635904831,0.0808399423215573,0.08535508291276137,0.0808399423215573,-0.06027197807113474,-0.031240803089208995,-0.06027197807113474,49.5,46.95,49.5,5.841042893187552,5.969217830109336,5.841042893187552,0.43355761143818333,0.44983179142136254,0.43355761143818333,0.09188393608074012,0.09358704793944492,0.09188393608074012,8.653508771929825,8.599561403508773,8.653508771929825,4.50897435897436,4.471666666666668,4.50897435897436,-0.21392954695842242,-0.1166211310069648,-0.21392954695842242,25.0,27.1,25.0,3.604166666666667,3.6854166666666672,3.604166666666667,0.3020833333333333,0.3427083333333334,0.3020833333333333,0.14583333333333331,0.13958333333333334,0.14583333333333331,0.06866771174344749,0.11684487238284794,0.06866771174344749,55.0,54.1,55.0,6.2526525198939,6.742241379310345,6.2526525198939,0.3570954907161804,0.3711206896551725,0.3570954907161804,0.1286472148541114,0.13620689655172413,0.1286472148541114,0.21584880636604775,0.20301724137931035,0.21584880636604775,0.07194960212201593,0.06767241379310346,0.07194960212201593,0.21950244896046722,0.28991756357896725,0.21950244896046722,34.0,33.400000000000006,34.0,7.574652777777778,8.330381944444445,7.574652777777778,0.3576388888888889,0.38159722222222225,0.3576388888888889,0.13368055555555555,0.14045138888888892,0.13368055555555555,9.393770856507231,10.537708565072304,9.393770856507231,4.35,4.53,4.35,-0.17406256278475418,-0.16104772001762202,-0.17406256278475418,21.0,20.700000000000003,21.0,4.129545454545454,4.195681818181819,4.129545454545454,0.3568181818181818,0.3547727272727273,0.3568181818181818,0.12045454545454545,0.12931818181818183,0.12045454545454545,Week 3
2026_03_HOU_IND,2026,3,IND,2026-09-27 00:00:00+00:00,-0.043378956128171636,-0.10273623821167241,-0.043378956128171636,58.0,56.5,58.0,4.979035639412998,4.906079664570231,4.979035639412998,0.44564240790655885,0.43647798742138366,0.44564240790655885,0.11365678346810422,0.11918238993710693,0.11365678346810422,0.18957771787960467,0.18930817610062894,0.18957771787960467,0.0679844264749925,0.06457023060796646,0.0679844264749925,-0.13586220773871432,-0.23358555692130129,-0.13586220773871432,32.0,32.3,32.0,5.644672531769306,5.3058162267839695,5.644672531769306,0.4398826979472141,0.41700879765395893,0.4398826979472141,0.06256109481915934,0.06197458455522972,0.06256109481915934,5.854838709677419,6.043548387096774,5.854838709677419,4.409090909090909,4.286363636363637,4.409090909090909,0.12127777346813673,0.12160669276645422,0.12127777346813673,26.0,24.200000000000003,26.0,4.409375,4.616562500000001,4.409375,0.46875,0.478125,0.46875,0.1875,0.20625000000000002,0.1875,0.27521755840262874,0.289097463808628,0.27521755840262874,69.0,66.3,69.0,7.594230769230769,7.860961538461538,7.594230769230769,0.5256410256410257,0.517948717948718,0.5256410256410257,0.1326923076923077,0.13788461538461538,0.1326923076923077,0.15,0.14500000000000002,0.15,0.05705128205128205,0.05493589743589744,0.05705128205128205,0.3250008411746846,0.3403099397044973,0.3250008411746846,37.5,34.05,37.5,9.631868131868131,10.25,9.631868131868131,0.5345368916797488,0.5357142857142857,0.5345368916797488,0.108712715855573,0.11071428571428574,0.108712715855573,8.412234042553191,9.263563829787236,8.412234042553191,8.408088235294118,8.868014705882354,8.408088235294118,0.21632770180426047,0.23536078104738245,0.21632770180426047,31.5,32.25,31.5,5.635395537525355,5.753600405679514,5.635395537525355,0.5283975659229209,0.51105476673428,0.5283975659229209,0.15720081135902636,0.16298174442190672,0.15720081135902636,Week 3
2026_03_NE_JAX,2026,3,JAX,2026-09-27 00:00:00+00:00,0.14530107351159804,0.20316108346859513,0.14530107351159804,54.0,53.7,54.0,5.860891938250429,6.1573413379073765,5.860891938250429,0.5200686106346484,0.545180102915952,0.5200686106346484,0.13036020583190394,0.14219554030874787,0.13036020583190394,0.19399656946826757,0.1867409948542024,0.19399656946826757,0.09262435677530018,0.09313893653516296,0.09262435677530018,0.3299089115124546,0.46870468489324346,0.3299089115124546,27.5,26.450000000000003,27.5,7.665322580645162,8.290725806451613,7.665322580645162,0.5638440860215054,0.6071908602150539,0.5638440860215054,0.13172043010752688,0.14220430107526882,0.13172043010752688,10.46776611694153,10.483958020989506,10.46776611694153,2.753267973856209,2.9439542483660137,2.753267973856209,0.012286905098058007,-0.002763825999406,0.012286905098058007,26.5,27.250000000000004,26.5,4.203304597701149,4.276795977011495,4.203304597701149,0.4877873563218391,0.49662356321839085,0.4877873563218391,0.1278735632183908,0.14123563218390806,0.1278735632183908,-0.02990830626101349,-0.07621696331674079,-0.02990830626101349,52.5,51.45,52.5,6.3022959183673475,6.076913265306123,6.3022959183673475,0.4655612244897959,0.46058673469387756,0.4655612244897959,0.12117346938775511,0.10931122448979591,0.12117346938775511,0.17091836734693877,0.16862244897959183,0.17091836734693877,0.04591836734693877,0.038265306122448974,0.04591836734693877,-0.04614849871296742,-0.14158207777349077,-0.04614849871296742,29.0,28.400000000000002,29.0,8.071087216248507,7.705316606929511,8.071087216248507,0.48028673835125446,0.46953405017921146,0.48028673835125446,0.13620071684587814,0.12867383512544803,0.13620071684587814,9.504398826979472,9.76217008797654,9.504398826979472,5.173295454545455,5.402556818181819,5.173295454545455,-0.01091585809993205,0.0033467709864853194,-0.01091585809993205,23.5,23.05,23.5,4.117272727272727,4.068454545454546,4.117272727272727,0.44727272727272727,0.4494545454545455,0.44727272727272727,0.10272727272727272,0.08554545454545454,0.10272727272727272,Week 3
2026_03_KC_MIA,2026,3,KC,2026-09-27 00:00:00+00:00,0.1966892737346841,0.18701069374029994,0.1966892737346841,71.0,68.9,71.0,6.446314102564102,6.3686698717948715,6.446314102564102,0.48657852564102566,0.467167467948718,0.48657852564102566,0.1123798076923077,0.11147836538461539,0.1123798076923077,0.20833333333333331,0.22083333333333335,0.20833333333333331,0.10236378205128205,0.11384214743589745,0.10236378205128205,0.09729850818522068,0.044296906818194176,0.09729850818522068,39.0,36.0,39.0,6.751231527093596,6.505172413793104,6.751231527093596,0.47220267417311756,0.454679802955665,0.47220267417311756,0.08550316678395496,0.08054187192118226,0.08550316678395496,5.250197005516155,5.152915681639086,5.250197005516155,8.970833333333333,9.599583333333333,8.970833333333333,0.2596589261872936,0.2916913727453254,0.2596589261872936,32.0,32.900000000000006,32.0,5.820689655172414,5.99448275862069,5.820689655172414,0.5073891625615763,0.48374384236453205,0.5073891625615763,0.14039408866995073,0.14113300492610836,0.14039408866995073,-0.09468739900672218,-0.16943721395378813,-0.09468739900672218,54.5,51.95,54.5,4.535024154589372,4.3288647342995175,4.535024154589372,0.42287784679089024,0.40688405797101446,0.42287784679089024,0.05848861283643892,0.04746376811594202,0.05848861283643892,0.22567287784679088,0.23623188405797102,0.22567287784679088,0.06142167011732229,0.056038647342995164,0.06142167011732229,-0.12976810171849432,-0.22566321909501524,-0.12976810171849432,31.5,31.650000000000002,31.5,5.183971774193548,4.706905241935484,5.183971774193548,0.46118951612903225,0.4447076612903226,0.46118951612903225,0.03225806451612903,0.022580645161290318,0.03225806451612903,4.255760368663594,3.964746543778802,4.255760368663594,5.056149732620321,5.127540106951872,5.056149732620321,0.008809728223588609,-0.02460176605145837,0.008809728223588609,23.0,20.299999999999997,23.0,4.073660714285714,4.180133928571429,4.073660714285714,0.36160714285714285,0.3388392857142857,0.36160714285714285,0.09821428571428571,0.09017857142857143,0.09821428571428571,Week 3
2026_03_LA_DEN,2026,3,LA,2026-09-27 00:00:00+00:00,0.012688817259913776,-0.07050950492516032,0.012688817259913776,56.0,56.0,56.0,6.919642857142857,6.402678571428571,6.919642857142857,0.4910714285714286,0.4723214285714286,0.4910714285714286,0.13392857142857142,0.11517857142857141,0.13392857142857142,0.1517857142857143,0.15446428571428572,0.1517857142857143,0.0625,0.054464285714285715,0.0625,0.1008524884107887,-0.04755891378912164,0.1008524884107887,29.5,29.05,29.5,8.129032258064516,7.490322580645161,8.129032258064516,0.46889400921658986,0.4353686635944701,0.46889400921658986,0.11635944700460829,0.10288018433179723,0.11635944700460829,10.070238095238096,9.781309523809524,10.070238095238096,5.474598930481283,5.385160427807487,5.474598930481283,-0.11213972643500061,-0.11912550684202662,-0.11213972643500061,26.5,26.950000000000003,26.5,5.5164285714285715,5.1793571428571425,5.5164285714285715,0.51,0.507,0.51,0.1557142857142857,0.13042857142857142,0.1557142857142857,-0.12521541263544322,-0.034020520414255725,-0.12521541263544322,59.5,60.85000000000001,59.5,4.615482954545454,5.007400568181819,4.615482954545454,0.41761363636363635,0.46107954545454555,0.41761363636363635,0.055965909090909094,0.06730113636363637,0.055965909090909094,0.22102272727272726,0.2109659090909091,0.22102272727272726,0.08196022727272727,0.0901846590909091,0.08196022727272727,-0.18795039034986843,-0.08898620675184085,-0.18795039034986843,34.0,34.0,34.0,4.926470588235294,5.257352941176471,4.926470588235294,0.42647058823529416,0.46617647058823536,0.42647058823529416,0.029411764705882353,0.029411764705882353,0.029411764705882353,7.5193014705882355,6.578216911764706,7.5193014705882355,4.304285714285714,4.417,4.304285714285714,-0.03259070742814939,0.04334146876000243,-0.03259070742814939,25.5,26.85,25.5,4.138095238095238,4.636666666666667,4.138095238095238,0.4023809523809524,0.4516666666666667,0.4023809523809524,0.08333333333333333,0.10833333333333335,0.08333333333333333,Week 3
2026_03_LAC_BUF,2026,3,LAC,2026-09-27 00:00:00+00:00,-0.25251851234609435,-0.2499506596775981,-0.25251851234609435,56.5,54.85,56.5,5.127450980392156,5.165686274509804,5.127450980392156,0.37349778621125873,0.37909550917141055,0.37349778621125873,0.07147375079063883,0.07356103731815308,0.07147375079063883,0.19133459835547123,0.18099304237824163,0.19133459835547123,0.05993042378241619,0.05371600253004427,0.05993042378241619,-0.10284666576950527,-0.12806932920889638,-0.10284666576950527,30.0,30.0,30.0,6.166666666666666,6.186666666666667,6.166666666666666,0.4166666666666667,0.42166666666666675,0.4166666666666667,0.05,0.05500000000000001,0.05,10.037037037037038,10.05925925925926,10.037037037037038,5.76078431372549,5.409019607843137,5.76078431372549,-0.4068404381928953,-0.38242034757762927,-0.4068404381928953,26.5,24.85,26.5,3.912946428571429,3.896205357142857,3.912946428571429,0.32291666666666663,0.3260416666666667,0.32291666666666663,0.09449404761904762,0.0947172619047619,0.09449404761904762,0.02382592967317536,0.05992102375296589,0.02382592967317536,63.0,64.80000000000001,63.0,5.5713196033562165,5.621662852784135,5.5713196033562165,0.42181540808543094,0.44309687261632347,0.42181540808543094,0.07131960335621662,0.07166285278413426,0.07131960335621662,0.20823798627002288,0.2022883295194508,0.20823798627002288,0.07856598016781083,0.08108314263920671,0.07856598016781083,0.21492485554188398,0.22160159376210758,0.21492485554188398,34.5,35.550000000000004,34.5,7.644736842105264,7.538157894736843,7.644736842105264,0.518251273344652,0.5285653650254669,0.518251273344652,0.09083191850594227,0.07937181663837012,0.09083191850594227,8.70363466915191,8.387138863000931,8.70363466915191,3.8674463937621835,3.7961013645224173,3.8674463937621835,-0.20558111405557902,-0.1348777853165085,-0.20558111405557902,28.5,29.250000000000004,28.5,3.0732009925558312,3.3028535980148885,3.0732009925558312,0.3058312655086849,0.33988833746898267,0.3058312655086849,0.04838709677419355,0.06290322580645162,0.04838709677419355,Week 3
2026_03_LV_NO,2026,3,LV,2026-09-27 00:00:00+00:00,-0.06782009603144544,-0.059218809663041175,-0.06782009603144544,60.5,61.550000000000004,60.5,5.014254385964913,4.897478070175438,5.014254385964913,0.38637609649122806,0.39702576754385965,0.38637609649122806,0.07415021929824561,0.07534265350877194,0.07415021929824561,0.20778508771929824,0.20169956140350878,0.20778508771929824,0.08196271929824561,0.08549890350877193,0.08196271929824561,0.10288777510989096,0.07595338920051661,0.10288777510989096,30.5,30.35,30.5,6.666666666666666,6.266666666666667,6.666666666666666,0.4586021505376344,0.4510215053763441,0.4586021505376344,0.08118279569892473,0.0668279569892473,0.08118279569892473,8.645977011494253,8.312183908045977,8.645977011494253,3.719298245614035,3.603508771929825,3.719298245614035,-0.2632579635014202,-0.20985768959610202,-0.2632579635014202,30.0,31.200000000000003,30.0,3.1538461538461537,3.407692307692308,3.1538461538461537,0.3020361990950226,0.33495475113122175,0.3020361990950226,0.058823529411764705,0.07647058823529414,0.058823529411764705,-0.2484839535649475,-0.24470573326210726,-0.2484839535649475,56.0,54.2,56.0,5.09,5.117,5.09,0.34741935483870967,0.3451935483870968,0.34741935483870967,0.10225806451612904,0.11358064516129035,0.10225806451612904,0.2129032258064516,0.20903225806451614,0.2129032258064516,0.060322580645161286,0.0542258064516129,0.060322580645161286,-0.15360253898342946,-0.19405196438699784,-0.15360253898342946,31.0,31.300000000000004,31.0,5.940625,5.8928125,5.940625,0.371875,0.3634375,0.371875,0.09479166666666666,0.11322916666666669,0.09479166666666666,10.703703703703704,10.925925925925927,10.703703703703704,6.666666666666667,6.586666666666668,6.666666666666667,-0.3153594720827325,-0.26349509163441764,-0.3153594720827325,25.0,22.9,25.0,4.039930555555555,4.061284722222222,4.039930555555555,0.32291666666666663,0.3260416666666667,0.32291666666666663,0.10243055555555555,0.10503472222222222,0.10243055555555555,Week 3
2026_03_KC_MIA,2026,3,MIA,2026-09-27 00:00:00+00:00,-0.11844562907566206,-0.15367890611960744,-0.11844562907566206,53.0,52.1,53.0,5.1257142857142854,5.1419999999999995,5.1257142857142854,0.37535714285714283,0.36475,0.37535714285714283,0.0967857142857143,0.10975000000000001,0.0967857142857143,0.23392857142857143,0.22375,0.23392857142857143,0.0825,0.06974999999999999,0.0825,-0.06173703865047532,-0.12974611415392998,-0.06173703865047532,29.5,30.25,29.5,6.26099537037037,6.117071759259259,6.26099537037037,0.3570601851851852,0.3530671296296296,0.3570601851851852,0.11516203703703703,0.12748842592592594,0.11516203703703703,9.396135265700483,10.010628019323672,9.396135265700483,6.95,6.785,6.95,-0.14899761227892236,-0.14704178977175053,-0.14899761227892236,23.5,21.85,23.5,3.814176245210728,3.903256704980843,3.814176245210728,0.3908045977011494,0.37356321839080464,0.3908045977011494,0.07279693486590039,0.0842911877394636,0.07279693486590039,0.21064956485931427,0.1357099529604906,0.21064956485931427,55.5,58.050000000000004,55.5,6.397606382978723,5.865824468085107,6.397606382978723,0.4981715425531915,0.4752825797872341,0.4981715425531915,0.11353058510638298,0.10290890957446808,0.11353058510638298,0.16821808510638298,0.1740026595744681,0.16821808510638298,0.10006648936170212,0.0981715425531915,0.10006648936170212,0.5367899154256445,0.379684887421544,0.5367899154256445,26.0,27.200000000000003,26.0,9.18939393939394,8.032575757575756,9.18939393939394,0.603030303030303,0.5521212121212121,0.603030303030303,0.1303030303030303,0.1012121212121212,0.1303030303030303,7.857575757575757,7.76030303030303,7.857575757575757,4.416666666666667,4.091666666666667,4.416666666666667,-0.07641542085107444,-0.07906790974086,-0.07641542085107444,29.5,30.85,29.5,3.94,3.958,3.94,0.40588235294117647,0.4076470588235295,0.40588235294117647,0.0988235294117647,0.10447058823529413,0.0988235294117647,Week 3
2026_03_MIN_TB,2026,3,MIN,2026-09-27 00:00:00+00:00,-0.04874298207201934,-0.039999393994339896,-0.04874298207201934,55.0,56.2,55.0,4.479561316051845,4.376370887337986,4.479561316051845,0.3446327683615819,0.3480225988700565,0.3446327683615819,0.05616483881688268,0.04948487869724161,0.05616483881688268,0.24609504818876704,0.24345297441010305,0.24609504818876704,0.10568295114656032,0.11974077766699903,0.10568295114656032,0.020423362596785365,0.01985510485776725,0.020423362596785365,25.5,26.25,25.5,5.153726708074534,5.04332298136646,5.153726708074534,0.3920807453416149,0.3923136645962733,0.3920807453416149,0.06133540372670807,0.05364906832298136,0.06133540372670807,7.591666666666667,7.514166666666666,7.591666666666667,4.715151515151515,4.220606060606061,4.715151515151515,-0.10711752957158668,-0.09119272602953471,-0.10711752957158668,29.5,29.950000000000003,29.5,3.899193548387097,3.793951612903226,3.899193548387097,0.30414746543778803,0.3096774193548387,0.30414746543778803,0.05184331797235023,0.04596774193548387,0.05184331797235023,-0.15008723557187695,-0.15750876829684493,-0.15008723557187695,68.0,67.7,68.0,5.279039584685269,5.571447112264764,5.279039584685269,0.3534501406013411,0.3638330088687,0.3534501406013411,0.12513519359723124,0.12789314298074844,0.12513519359723124,0.19824789097988318,0.1925048669695003,0.19824789097988318,0.058619943759463555,0.054466796452520005,0.058619943759463555,-0.07794186507435087,-0.07219178007600399,-0.07794186507435087,42.0,43.2,42.0,5.981693363844394,6.489359267734554,5.981693363844394,0.351258581235698,0.36979405034324947,0.351258581235698,0.10240274599542334,0.11733409610983983,0.10240274599542334,8.392156862745097,9.224509803921569,8.392156862745097,7.059523809523809,7.227380952380953,7.059523809523809,-0.29449882575669806,-0.3348588113375694,-0.29449882575669806,26.0,24.5,26.0,3.732718894009216,3.555760368663594,3.732718894009216,0.34408602150537637,0.34086021505376346,0.34408602150537637,0.1443932411674347,0.12964669738863285,0.1443932411674347,Week 3
2026_03_NE_JAX,2026,3,NE,2026-09-27 00:00:00+00:00,-0.08965030790051862,-0.0956436966925337,-0.08965030790051862,59.0,61.400000000000006,59.0,5.302458296751537,4.952019315188762,5.302458296751537,0.41483757682177347,0.4157594381035996,0.41483757682177347,0.10081943225051214,0.08400643839625402,0.10081943225051214,0.23705004389815626,0.23757682177348552,0.23705004389815626,0.09379572724612233,0.09252268071407668,0.09379572724612233,-0.16979085174015573,-0.1573648808429922,-0.16979085174015573,30.5,32.150000000000006,30.5,6.153333333333333,5.707333333333334,6.153333333333333,0.4361111111111111,0.4469444444444445,0.4361111111111111,0.08,0.05599999999999999,0.08,7.803030303030303,7.471212121212122,7.803030303030303,4.8773291925465845,4.861956521739131,4.8773291925465845,-0.010720150243512888,-0.033862879085608734,-0.010720150243512888,28.5,29.250000000000004,28.5,4.431141439205955,4.156637717121589,4.431141439205955,0.3889578163771712,0.3787220843672457,0.3889578163771712,0.1253101736972705,0.11674937965260546,0.1253101736972705,-0.14506689929318772,-0.08186587147539619,-0.14506689929318772,57.0,54.0,57.0,4.796284534772944,5.182931089234678,4.796284534772944,0.38869482375357256,0.39336297237218165,0.38869482375357256,0.08621784693553508,0.0986503651953001,0.08621784693553508,0.2065735154017148,0.2148142267386472,0.2065735154017148,0.03620196887900921,0.03810733566211496,0.03620196887900921,-0.16402887585189968,-0.06441503344553594,-0.16402887585189968,35.0,32.3,35.0,5.251748251748252,5.845454545454547,5.251748251748252,0.4353146853146853,0.44318181818181823,0.4353146853146853,0.06905594405594406,0.08295454545454548,0.06905594405594406,5.895833333333334,6.052083333333334,5.895833333333334,5.884910485933504,5.954731457800512,5.884910485933504,-0.07422971484673356,-0.0703193548459699,-0.07422971484673356,22.0,21.700000000000003,22.0,4.311594202898551,4.418115942028986,4.311594202898551,0.3188405797101449,0.32318840579710145,0.3188405797101449,0.11490683229813664,0.12329192546583852,0.11490683229813664,Week 3
2026_03_LV_NO,2026,3,NO,2026-09-27 00:00:00+00:00,0.05919022493228629,0.03223005182654566,0.05919022493228629,75.0,78.30000000000001,75.0,5.078306686046512,5.190861191860465,5.078306686046512,0.4358648255813954,0.430686773255814,0.4358648255813954,0.09338662790697674,0.09327761627906977,0.09338662790697674,0.2160247093023256,0.21051962209302327,0.2160247093023256,0.10901162790697674,0.10421511627906976,0.10901162790697674,0.13963989689555448,0.0929184874905483,0.13963989689555448,49.0,52.6,49.0,6.247009304386354,6.23192290651307,6.247009304386354,0.4862649534780682,0.47809038546743465,0.4862649534780682,0.11674789543642003,0.11123172352680549,0.11674789543642003,7.514171122994652,7.8890106951871655,7.514171122994652,3.7867724867724872,3.6450264550264553,3.7867724867724872,-0.058852625138795245,-0.06107168653011581,-0.058852625138795245,26.0,25.700000000000003,26.0,3.0792592592592594,3.247481481481482,3.0792592592592594,0.34518518518518515,0.3376296296296296,0.34518518518518515,0.05851851851851852,0.06496296296296297,0.05851851851851852,0.05829243442988607,0.04092765218343447,0.05829243442988607,64.0,66.7,64.0,5.36376089663761,5.27107098381071,5.36376089663761,0.5442092154420921,0.5165628891656289,0.5442092154420921,0.10024906600249066,0.1030510585305106,0.10024906600249066,0.17085927770859277,0.17302615193026152,0.17085927770859277,0.07061021170610211,0.06997509339975093,0.07061021170610211,0.060654286582550815,0.047986434918189866,0.060654286582550815,36.5,37.550000000000004,36.5,5.640909090909091,5.4786363636363635,5.640909090909091,0.48522727272727273,0.4671590909090909,0.48522727272727273,0.05795454545454545,0.048068181818181815,0.05795454545454545,8.003846153846153,7.194999999999999,8.003846153846153,3.8653846153846154,3.825,3.8653846153846154,0.057343197572856414,0.03371108186485908,0.057343197572856414,27.5,29.150000000000002,27.5,4.954545454545455,4.968181818181819,4.954545454545455,0.6287878787878788,0.5856060606060607,0.6287878787878788,0.15151515151515152,0.16969696969696973,0.15151515151515152,Week 3
2026_03_TEN_NYG,2026,3,NYG,2026-09-27 00:00:00+00:00,-0.030159587923337117,0.08955205171148226,-0.030159587923337117,60.0,61.5,60.0,4.723776223776224,5.148181818181819,4.723776223776224,0.43636363636363634,0.48545454545454547,0.43636363636363634,0.039860139860139865,0.04636363636363637,0.039860139860139865,0.2041958041958042,0.1890909090909091,0.2041958041958042,0.0965034965034965,0.10909090909090911,0.0965034965034965,0.09451114154287588,0.2782137847087268,0.09451114154287588,32.5,32.050000000000004,32.5,5.605313092979127,6.139848197343454,5.605313092979127,0.5018975332068312,0.5642314990512335,0.5018975332068312,0.014705882352941176,0.010294117647058822,0.014705882352941176,9.552262931034484,9.221066810344828,9.552262931034484,3.8338509316770186,3.8054347826086956,3.8338509316770186,-0.11248579161256009,-0.06052214067973151,-0.11248579161256009,27.5,29.450000000000003,27.5,3.738095238095238,4.116666666666667,3.738095238095238,0.36904761904761907,0.4083333333333334,0.36904761904761907,0.058823529411764705,0.07647058823529414,0.058823529411764705,0.2553433048579881,0.2449413289523364,0.2553433048579881,54.0,53.4,54.0,6.667582417582418,6.074999999999999,6.667582417582418,0.507554945054945,0.4937500000000001,0.507554945054945,0.10782967032967034,0.08124999999999998,0.10782967032967034,0.17719780219780218,0.18750000000000003,0.17719780219780218,0.12156593406593408,0.13125,0.12156593406593408,0.4504389159782161,0.4069034420485341,0.4504389159782161,32.5,32.95,32.5,7.7025616698292225,6.935910815939279,7.7025616698292225,0.510910815939279,0.48999051233396584,0.510910815939279,0.08064516129032258,0.05645161290322579,0.08064516129032258,10.06078431372549,9.769019607843138,10.06078431372549,4.954545454545455,4.709090909090909,4.954545454545455,-0.014039675564854408,0.00840455928916346,-0.014039675564854408,21.5,20.450000000000003,21.5,5.236666666666666,4.815666666666667,5.236666666666666,0.51,0.507,0.51,0.14777777777777779,0.12011111111111109,0.14777777777777779,Week 3
2026_03_NYJ_DET,2026,3,NYJ,2026-09-27 00:00:00+00:00,0.031093901253557148,0.072270763987071,0.031093901253557148,65.5,63.85,65.5,5.09037558685446,5.413262910798123,5.09037558685446,0.4401408450704225,0.4580985915492958,0.4401408450704225,0.07946009389671362,0.09062206572769954,0.07946009389671362,0.2254694835680751,0.21282863849765257,0.2254694835680751,0.0800469483568075,0.06603286384976526,0.0800469483568075,0.2521374399886174,0.2984318592977668,0.2521374399886174,34.0,31.0,34.0,6.9564393939393945,7.557007575757576,6.9564393939393945,0.4772727272727273,0.4840909090909091,0.4772727272727273,0.0946969696969697,0.1162878787878788,0.0946969696969697,6.6625,6.76375,6.6625,5.120857699805068,4.879337231968811,5.120857699805068,-0.21448346599987475,-0.14725380522110038,-0.21448346599987475,31.5,32.85,31.5,3.393518518518518,3.66712962962963,3.393518518518518,0.37962962962962965,0.4157407407407408,0.37962962962962965,0.07870370370370369,0.08009259259259259,0.07870370370370369,-0.17040257339312248,-0.15486893369704544,-0.17040257339312248,49.5,49.35,49.5,3.979795918367347,3.9797346938775515,3.979795918367347,0.38448979591836735,0.4038367346938776,0.38448979591836735,0.050408163265306116,0.047530612244897956,0.050408163265306116,0.21244897959183673,0.22218367346938778,0.21244897959183673,0.050816326530612244,0.06006122448979592,0.050816326530612244,-0.15452579012386042,-0.17117879947697695,-0.15452579012386042,33.5,33.95,33.5,3.939285714285714,3.8460714285714284,3.939285714285714,0.3705357142857143,0.3879464285714286,0.3705357142857143,0.015625,0.010937499999999998,0.015625,6.692887931034482,6.466271551724138,6.692887931034482,4.990131578947368,4.72467105263158,4.990131578947368,-0.16561806004871854,-0.0829607391849253,-0.16561806004871854,16.0,15.4,16.0,4.178571428571429,4.382142857142857,4.178571428571429,0.41666666666666663,0.4416666666666667,0.41666666666666663,0.12698412698412698,0.13174603174603175,0.12698412698412698,Week 3
2026_03_CIN_PIT,2026,3,PIT,2026-09-27 00:00:00+00:00,-0.3292567455558314,-0.3213126716168331,-0.3292567455558314,64.0,63.1,64.0,3.9422559334475165,4.072693907511622,3.9422559334475165,0.3505015904086127,0.3437117690237338,0.3505015904086127,0.05517494494739418,0.058294592610716914,0.05517494494739418,0.18791289454367505,0.1905554196231955,0.18791289454367505,0.03951553706875459,0.04241497430878395,0.03951553706875459,-0.4100103622306366,-0.38419096573789396,-0.4100103622306366,43.5,43.35,43.5,4.031712473572939,4.259408033826639,4.031712473572939,0.37896405919661735,0.36992600422832983,0.37896405919661735,0.04624735729386892,0.05330338266384779,0.04624735729386892,7.650914634146342,8.333689024390246,7.650914634146342,5.346920289855072,5.255344202898551,5.346920289855072,-0.16973493055478164,-0.19447613526643243,-0.16973493055478164,20.5,19.75,20.5,3.6727053140096615,3.58756038647343,3.6727053140096615,0.29106280193236717,0.28707729468599036,0.29106280193236717,0.07125603864734299,0.06654589371980676,0.07125603864734299,-0.1953390317891917,-0.23303903774780874,-0.1953390317891917,54.0,54.9,54.0,5.323013415892673,4.97874097007224,5.323013415892673,0.3988648090815273,0.3949948400412797,0.3988648090815273,0.13106295149638802,0.12332301341589266,0.13106295149638802,0.22291021671826625,0.21919504643962848,0.22291021671826625,0.06656346749226005,0.05712074303405572,0.06656346749226005,-0.40876975108569874,-0.4680374499921982,-0.40876975108569874,25.5,25.65,25.5,6.089230769230769,5.6240000000000006,6.089230769230769,0.35384615384615387,0.34,0.35384615384615387,0.1376923076923077,0.131,0.1376923076923077,6.204545454545454,5.393181818181818,6.204545454545454,7.380952380952381,8.116666666666667,7.380952380952381,-0.0076401266859469005,-0.029858848460772948,-0.0076401266859469005,28.5,29.250000000000004,28.5,4.608560794044665,4.387282878411911,4.608560794044665,0.43734491315136476,0.44162531017369727,0.43734491315136476,0.1253101736972705,0.11674937965260546,0.1253101736972705,Week 3
2026_03_SEA_WAS,2026,3,SEA,2026-09-27 00:00:00+00:00,0.09962442293198592,0.08941805408222533,0.09962442293198592,57.0,54.0,57.0,5.885836773578914,5.9456176563988565,5.885836773578914,0.43347094315655765,0.4247062559542712,0.43347094315655765,0.10860590663702763,0.11432200698634487,0.10860590663702763,0.21403620196887901,0.22003810733566215,0.21403620196887901,0.0735154017148301,0.06422673864718959,0.0735154017148301,0.3819581788248124,0.3177759048281624,0.3819581788248124,26.5,26.35,26.5,7.67094017094017,7.53888888888889,7.67094017094017,0.49002849002849,0.4814814814814815,0.49002849002849,0.09472934472934473,0.10092592592592595,0.09472934472934473,7.573717948717949,7.2266025641025635,7.573717948717949,5.900928792569659,5.965944272445821,5.900928792569659,-0.11978530044391283,-0.10220826476399539,-0.11978530044391283,30.5,27.65,30.5,4.358333333333333,4.450833333333334,4.358333333333333,0.37916666666666665,0.36541666666666667,0.37916666666666665,0.12142857142857143,0.12785714285714286,0.12142857142857143,-0.21743213345247844,-0.18509097457890555,-0.21743213345247844,57.0,60.00000000000001,57.0,3.6735471578278815,3.8117815179422045,3.6735471578278815,0.3685296919657034,0.3833439187043506,0.3685296919657034,0.03302635757383296,0.0365512861225786,0.03302635757383296,0.24706255954271195,0.2445855827246745,0.24706255954271195,0.07669101302000635,0.0805493807557955,0.07669101302000635,-0.19892347744639688,-0.17775771883736097,-0.19892347744639688,33.0,33.900000000000006,33.0,3.6833333333333336,3.978333333333334,3.6833333333333336,0.4027777777777778,0.42361111111111116,0.4027777777777778,0.0,0.0,0.0,5.29491341991342,5.715530303030304,5.29491341991342,4.118925831202046,4.331074168797954,4.118925831202046,-0.25574927941242814,-0.20538326950384939,-0.25574927941242814,24.0,26.100000000000005,24.0,3.8168880455407965,3.726660341555977,3.8168880455407965,0.32447817836812143,0.33358633776091084,0.32447817836812143,0.07779886148007589,0.08349146110056926,0.07779886148007589,Week 3
2026_03_ARI_SF,2026,3,SF,2026-09-27 00:00:00+00:00,0.319607916311954,0.2773558098489223,0.319607916311954,55.5,58.050000000000004,55.5,7.046043882978723,6.708793218085106,7.046043882978723,0.5684840425531915,0.5666888297872341,0.5684840425531915,0.12134308510638298,0.11306515957446808,0.12134308510638298,0.16821808510638298,0.1740026595744681,0.16821808510638298,0.10787898936170212,0.1083277925531915,0.10787898936170212,0.6012017818747679,0.4634203138054045,0.6012017818747679,28.0,29.800000000000004,28.0,9.537433155080214,8.485026737967914,9.537433155080214,0.6657754010695187,0.6336898395721926,0.6657754010695187,0.1283422459893048,0.09866310160427806,0.1283422459893048,6.282085561497326,5.71216577540107,6.282085561497326,5.09,4.967,5.09,0.0764713776569503,0.1196849283195722,0.0764713776569503,27.5,28.25,27.5,4.84,5.128,4.84,0.48333333333333334,0.5083333333333334,0.48333333333333334,0.12333333333333332,0.13633333333333333,0.12333333333333332,-0.13282014780975532,-0.17236578047392867,-0.13282014780975532,56.0,56.0,56.0,5.133928571428571,5.152678571428572,5.133928571428571,0.4196428571428571,0.4223214285714286,0.4196428571428571,0.0625,0.06517857142857143,0.0625,0.2142857142857143,0.19821428571428573,0.2142857142857143,0.08035714285714285,0.06696428571428571,0.08035714285714285,-0.11444615294726938,-0.19826796273976227,-0.11444615294726938,27.5,27.65,27.5,6.37037037037037,6.2592592592592595,6.37037037037037,0.3637566137566137,0.3617724867724868,0.3637566137566137,0.07275132275132275,0.07235449735449735,0.07275132275132275,8.227484472049689,8.49138198757764,8.227484472049689,6.338235294117647,5.989705882352942,6.338235294117647,-0.14547134088062452,-0.14245763695396335,-0.14547134088062452,28.5,28.35,28.5,3.9550492610837438,4.086391625615764,3.9550492610837438,0.47413793103448276,0.481896551724138,0.47413793103448276,0.05295566502463054,0.05849753694581281,0.05295566502463054,Week 3
2026_03_MIN_TB,2026,3,TB,2026-09-27 00:00:00+00:00,-0.16562951592099423,-0.17150482158522926,-0.16562951592099423,56.5,54.85,56.5,5.2987033523086655,5.373798228969007,5.2987033523086655,0.428842504743833,0.44136622390891844,0.428842504743833,0.08586337760910816,0.07775142314990513,0.08586337760910816,0.22707147375079062,0.21777356103731815,0.22707147375079062,0.10547122074636306,0.1032416192283365,0.10547122074636306,-0.3068803393328644,-0.28899370119372136,-0.3068803393328644,34.5,33.75,34.5,5.394003378378379,5.585177364864865,5.394003378378379,0.39653716216216217,0.4182010135135136,0.39653716216216217,0.07179054054054054,0.06900337837837839,0.07179054054054054,8.744747899159664,7.653466386554621,8.744747899159664,5.630434782608695,6.119565217391305,5.630434782608695,0.049756756807021844,0.010614290537321797,0.049756756807021844,22.0,21.1,22.0,5.108421052631579,4.996947368421052,5.108421052631579,0.47684210526315784,0.47589473684210526,0.47684210526315784,0.10631578947368421,0.09021052631578946,0.10631578947368421,0.003903393575409393,0.002264324282785104,0.003903393575409393,57.5,58.85000000000001,57.5,5.376445526475958,5.466737674984785,5.376445526475958,0.45085209981740715,0.4559190505173463,0.45085209981740715,0.0753195374315277,0.08659464394400487,0.0753195374315277,0.23554473524041386,0.23262325015216068,0.23554473524041386,0.11168594035301278,0.1168898356664638,0.11168594035301278,0.12560532669423896,0.06603245316578578,0.12560532669423896,34.0,34.6,34.0,6.887152777777778,6.862673611111111,6.887152777777778,0.53125,0.5218750000000001,0.53125,0.07291666666666666,0.07604166666666667,0.07291666666666666,5.0285714285714285,5.457142857142858,5.0285714285714285,6.275833333333333,6.121083333333333,6.275833333333333,-0.18651714995247035,-0.1013671302326353,-0.18651714995247035,23.5,24.25,23.5,3.152930402930403,3.441666666666667,3.152930402930403,0.3305860805860806,0.3583333333333334,0.3305860805860806,0.07692307692307693,0.10000000000000002,0.07692307692307693,Week 3
2026_03_TEN_NYG,2026,3,TEN,2026-09-27 00:00:00+00:00,-0.021799888907055837,-0.05084705455679882,-0.021799888907055837,50.0,49.7,50.0,4.842737094837935,4.5837935174069635,4.842737094837935,0.4401760704281713,0.4428171268507403,0.4401760704281713,0.08903561424569828,0.07456982793117246,0.08903561424569828,0.24989995998399359,0.24839935974389754,0.24989995998399359,0.09963985594237695,0.0942376950780312,0.09963985594237695,-0.10723869552071456,-0.13807783325477488,-0.10723869552071456,28.5,30.450000000000003,28.5,5.655194805194805,5.047207792207792,5.655194805194805,0.39610389610389607,0.4058441558441559,0.39610389610389607,0.09090909090909091,0.06363636363636363,0.09090909090909091,6.46875,6.309375,6.46875,6.052631578947368,5.468421052631579,6.052631578947368,0.12260728107887803,0.11879699960439226,0.12260728107887803,21.5,19.25,21.5,4.532019704433497,4.629556650246306,4.532019704433497,0.4913793103448276,0.4939655172413794,0.4913793103448276,0.1231527093596059,0.12906403940886702,0.1231527093596059,0.10366306993935168,0.12306918206712716,0.10366306993935168,66.0,64.2,66.0,5.451388888888889,5.665972222222223,5.451388888888889,0.4513888888888889,0.46597222222222223,0.4513888888888889,0.08611111111111111,0.0952777777777778,0.08611111111111111,0.21666666666666667,0.20666666666666667,0.21666666666666667,0.09305555555555556,0.07513888888888888,0.09305555555555556,0.3128137501755762,0.34090527642863794,0.3128137501755762,32.0,29.6,32.0,7.629166666666666,8.027916666666668,7.629166666666666,0.4875,0.49125,0.4875,0.13333333333333333,0.14333333333333334,0.13333333333333333,7.445945945945946,7.312162162162162,7.445945945945946,3.350202429149798,3.6398785425101217,3.350202429149798,-0.08832884599855745,-0.05894557122017829,-0.08832884599855745,34.0,34.6,34.0,3.5434027777777777,3.7720486111111113,3.5434027777777777,0.40625,0.43437500000000007,0.40625,0.041666666666666664,0.054166666666666675,0.041666666666666664,Week 3
2026_03_SEA_WAS,2026,3,WAS,2026-09-27 00:00:00+00:00,0.06432223554840365,0.0629946022859028,0.06432223554840365,67.5,67.65,67.5,5.072102721685689,4.851942493415276,5.072102721685689,0.4669666374012291,0.45481782265144866,0.4669666374012291,0.08900351185250219,0.0843612818261633,0.08900351185250219,0.21477172958735732,0.21651668129938542,0.21477172958735732,0.09646619841966637,0.08958516242317822,0.09646619841966637,0.07156453342169969,0.08264380218829778,0.07156453342169969,35.5,35.650000000000006,35.5,5.221031746031747,5.013055555555556,5.221031746031747,0.4234126984126984,0.4047222222222222,0.4234126984126984,0.056746031746031746,0.048055555555555546,0.056746031746031746,9.790336134453781,9.65029411764706,9.790336134453781,3.9070048309178746,3.918236714975846,3.9070048309178746,0.055641618531200296,0.04051613005888672,0.055641618531200296,32.0,32.0,32.0,4.90625,4.671875,4.90625,0.515625,0.5109375,0.515625,0.125,0.125,0.125,0.14883285481229125,0.12548790541291327,0.14883285481229125,52.5,52.05,52.5,6.211328976034858,6.230283224400871,6.211328976034858,0.45424836601307195,0.42385620915032685,0.45424836601307195,0.105119825708061,0.10887799564270154,0.105119825708061,0.23910675381263619,0.24972766884531594,0.23910675381263619,0.12363834422657952,0.12184095860566449,0.12363834422657952,0.2515877415514708,0.18975473688397482,0.2515877415514708,30.5,29.75,30.5,7.28030303030303,7.046212121212121,7.28030303030303,0.4967532467532467,0.45487012987012987,0.4967532467532467,0.11417748917748918,0.11206709956709957,0.11417748917748918,8.435483870967742,8.60483870967742,8.435483870967742,4.013736263736264,4.202472527472528,4.013736263736264,-0.017159923594025607,0.018620112654499976,-0.017159923594025607,22.0,22.3,22.0,4.571428571428571,5.0,4.571428571428571,0.38819875776397517,0.3760869565217391,0.38819875776397517,0.08902691511387163,0.10144927536231885,0.08902691511387163,Week 3
2026_03_PHI_CHI,2026,3,CHI,2026-09-28 00:00:00+00:00,0.14201645085805154,0.22222602406206216,0.14201645085805154,69.5,69.65,69.5,6.0950310559006216,6.632236024844722,6.0950310559006216,0.43084886128364386,0.46445134575569363,0.43084886128364386,0.12225672877846791,0.12415113871635611,0.12225672877846791,0.20869565217391306,0.20608695652173914,0.20869565217391306,0.10766045548654243,0.11821946169772257,0.10766045548654243,0.17604663454327618,0.25799326942691125,0.17604663454327618,34.5,33.45,34.5,6.354414261460102,6.973896434634976,6.354414261460102,0.451188455008489,0.49970288624787784,0.451188455008489,0.09083191850594227,0.10229202037351445,0.09083191850594227,8.308823529411764,9.116176470588236,8.308823529411764,5.154761904761905,4.751190476190477,5.154761904761905,0.10888202504082405,0.1895362946992094,0.10888202504082405,35.0,36.2,35.0,5.892059553349876,6.362903225806453,5.892059553349876,0.42100909842845324,0.4408602150537635,0.42100909842845324,0.1608767576509512,0.1510752688172043,0.1608767576509512,0.0518237850622915,0.09073740328026422,0.0518237850622915,56.5,58.150000000000006,56.5,6.266603415559772,6.699525616698293,6.266603415559772,0.4086021505376344,0.43118279569892476,0.4086021505376344,0.10373181530676787,0.11132194813409235,0.10373181530676787,0.20003162555344717,0.18357052498418722,0.20003162555344717,0.061669829222011384,0.0625237191650854,0.061669829222011384,0.13668806188573573,0.17099921393340275,0.13668806188573573,31.5,34.050000000000004,31.5,7.17336956521739,7.668858695652174,7.17336956521739,0.4206521739130435,0.4294565217391305,0.4206521739130435,0.10597826086956522,0.11168478260869566,0.10597826086956522,8.74078947368421,9.008026315789474,8.74078947368421,6.573122529644269,6.63596837944664,6.573122529644269,-0.052534656512136,-0.020234991052248817,-0.052534656512136,25.0,24.1,25.0,4.965909090909091,5.180681818181818,4.965909090909091,0.41558441558441556,0.4545454545454546,0.41558441558441556,0.10389610389610389,0.11363636363636365,0.10389610389610389,Week 3
2026_03_PHI_CHI,2026,3,PHI,2026-09-28 00:00:00+00:00,0.05499619316389909,0.059802242259038775,0.05499619316389909,61.5,58.35,61.5,5.505310457516339,5.736070261437908,5.505310457516339,0.377859477124183,0.3703839869281046,0.377859477124183,0.08660130718954248,0.09591503267973858,0.08660130718954248,0.2622549019607843,0.26593137254901966,0.2622549019607843,0.13521241830065361,0.12994281045751635,0.13521241830065361,0.13232652766259415,0.1062718871617612,0.13232652766259415,34.0,32.2,34.0,6.4,6.43,6.4,0.41607142857142854,0.39839285714285716,0.41607142857142854,0.10357142857142856,0.10464285714285715,0.10357142857142856,8.445945945945946,8.612162162162162,8.445945945945946,3.5137362637362637,3.852472527472528,3.5137362637362637,-0.04208311567938084,0.0011738781947513155,-0.04208311567938084,27.5,26.15,27.5,4.390625,4.8734375000000005,4.390625,0.33016304347826086,0.33546195652173916,0.33016304347826086,0.06521739130434782,0.08478260869565218,0.06521739130434782,0.06746039396607742,0.06519131317827445,0.06746039396607742,59.5,62.050000000000004,59.5,5.022058823529411,4.816911764705882,5.022058823529411,0.428921568627451,0.42818627450980395,0.428921568627451,0.10539215686274511,0.09583333333333334,0.10539215686274511,0.23774509803921567,0.23259803921568628,0.23774509803921567,0.09558823529411764,0.08897058823529412,0.09558823529411764,0.0520269297849232,0.06896747964255424,0.0520269297849232,29.0,31.100000000000005,29.0,6.104797979797979,5.631691919191919,6.104797979797979,0.36237373737373735,0.36199494949494954,0.36237373737373735,0.1047979797979798,0.08169191919191919,0.1047979797979798,8.161764705882353,8.51029411764706,8.161764705882353,5.972222222222222,5.363888888888889,5.972222222222222,0.07026577147532619,0.050753037119774844,0.07026577147532619,30.5,30.950000000000003,30.5,4.165948275862069,4.153663793103449,4.165948275862069,0.4913793103448276,0.4939655172413794,0.4913793103448276,0.11422413793103448,0.11745689655172414,0.11422413793103448,Week 3
2026_04_PIT_CLE,2026,4,CLE,2026-10-02 00:15:00+00:00,-0.08745176928130702,-0.11649738743094624,-0.08745176928130702,51.0,50.400000000000006,51.0,5.313246053138236,5.3845783596457455,5.313246053138236,0.441470927993839,0.44372352714670776,0.441470927993839,0.05968425105891413,0.06626877165960723,0.05968425105891413,0.20427416249518676,0.1919715055833654,0.20427416249518676,0.05737389295340778,0.046284174046977274,0.05737389295340778,-0.020039428562814432,-0.12330572866838369,-0.020039428562814432,29.5,28.75,29.5,6.910300925925926,6.8927662037037045,6.910300925925926,0.5034722222222222,0.4857638888888889,0.5034722222222222,0.08680555555555555,0.09409722222222222,0.08680555555555555,6.9818181818181815,7.996363636363637,6.9818181818181815,6.364583333333334,6.236458333333333,6.364583333333334,-0.21686215508189727,-0.14081563690089033,-0.21686215508189727,21.5,21.650000000000002,21.5,3.0725108225108224,3.337121212121213,3.0725108225108224,0.3463203463203463,0.37878787878787884,0.3463203463203463,0.022727272727272728,0.029545454545454552,0.022727272727272728,0.09606130483068863,0.16869324539195854,0.09606130483068863,57.5,56.150000000000006,57.5,5.9487218502738894,6.218822276323799,5.9487218502738894,0.49543517954960437,0.5279367011564212,0.49543517954960437,0.14135727328058428,0.1498934875228241,0.14135727328058428,0.2139379184418746,0.2006999391357273,0.2139379184418746,0.10362142422398052,0.1008368837492392,0.10362142422398052,0.21302951149253793,0.38688910487930184,0.21302951149253793,30.5,28.55,30.5,7.253378378378379,8.002364864864866,7.253378378378379,0.5163288288288288,0.5739301801801803,0.5163288288288288,0.12387387387387387,0.13671171171171173,0.12387387387387387,11.452046035805626,11.172953964194374,11.452046035805626,3.6944444444444446,3.602777777777778,3.6944444444444446,0.07117472290626664,0.038457646466340034,0.07117472290626664,27.0,27.6,27.0,4.964137931034482,4.809379310344828,4.964137931034482,0.4986206896551724,0.5042068965517242,0.4986206896551724,0.16620689655172416,0.1680689655172414,0.16620689655172416,Week 4
2026_04_PIT_CLE,2026,4,PIT,2026-10-02 00:15:00+00:00,-0.3292567455558314,-0.3213126716168331,-0.3292567455558314,64.0,63.1,64.0,3.9422559334475165,4.072693907511622,3.9422559334475165,0.3505015904086127,0.3437117690237338,0.3505015904086127,0.05517494494739418,0.058294592610716914,0.05517494494739418,0.18791289454367505,0.1905554196231955,0.18791289454367505,0.03951553706875459,0.04241497430878395,0.03951553706875459,-0.4100103622306366,-0.38419096573789396,-0.4100103622306366,43.5,43.35,43.5,4.031712473572939,4.259408033826639,4.031712473572939,0.37896405919661735,0.36992600422832983,0.37896405919661735,0.04624735729386892,0.05330338266384779,0.04624735729386892,7.650914634146342,8.333689024390246,7.650914634146342,5.346920289855072,5.255344202898551,5.346920289855072,-0.16973493055478164,-0.19447613526643243,-0.16973493055478164,20.5,19.75,20.5,3.6727053140096615,3.58756038647343,3.6727053140096615,0.29106280193236717,0.28707729468599036,0.29106280193236717,0.07125603864734299,0.06654589371980676,0.07125603864734299,-0.1953390317891917,-0.23303903774780874,-0.1953390317891917,54.0,54.9,54.0,5.323013415892673,4.97874097007224,5.323013415892673,0.3988648090815273,0.3949948400412797,0.3988648090815273,0.13106295149638802,0.12332301341589266,0.13106295149638802,0.22291021671826625,0.21919504643962848,0.22291021671826625,0.06656346749226005,0.05712074303405572,0.06656346749226005,-0.40876975108569874,-0.4680374499921982,-0.40876975108569874,25.5,25.65,25.5,6.089230769230769,5.6240000000000006,6.089230769230769,0.35384615384615387,0.34,0.35384615384615387,0.1376923076923077,0.131,0.1376923076923077,6.204545454545454,5.393181818181818,6.204545454545454,7.380952380952381,8.116666666666667,7.380952380952381,-0.0076401266859469005,-0.029858848460772948,-0.0076401266859469005,28.5,29.250000000000004,28.5,4.608560794044665,4.387282878411911,4.608560794044665,0.43734491315136476,0.44162531017369727,0.43734491315136476,0.1253101736972705,0.11674937965260546,0.1253101736972705,Week 4
2026_04_IND_WAS,2026,4,IND,2026-10-04 13:30:00+00:00,-0.043378956128171636,-0.10273623821167241,-0.043378956128171636,58.0,56.5,58.0,4.979035639412998,4.906079664570231,4.979035639412998,0.44564240790655885,0.43647798742138366,0.44564240790655885,0.11365678346810422,0.11918238993710693,0.11365678346810422,0.18957771787960467,0.18930817610062894,0.18957771787960467,0.0679844264749925,0.06457023060796646,0.0679844264749925,-0.13586220773871432,-0.23358555692130129,-0.13586220773871432,32.0,32.3,32.0,5.644672531769306,5.3058162267839695,5.644672531769306,0.4398826979472141,0.41700879765395893,0.4398826979472141,0.06256109481915934,0.06197458455522972,0.06256109481915934,5.854838709677419,6.043548387096774,5.854838709677419,4.409090909090909,4.286363636363637,4.409090909090909,0.12127777346813673,0.12160669276645422,0.12127777346813673,26.0,24.200000000000003,26.0,4.409375,4.616562500000001,4.409375,0.46875,0.478125,0.46875,0.1875,0.20625000000000002,0.1875,0.27521755840262874,0.289097463808628,0.27521755840262874,69.0,66.3,69.0,7.594230769230769,7.860961538461538,7.594230769230769,0.5256410256410257,0.517948717948718,0.5256410256410257,0.1326923076923077,0.13788461538461538,0.1326923076923077,0.15,0.14500000000000002,0.15,0.05705128205128205,0.05493589743589744,0.05705128205128205,0.3250008411746846,0.3403099397044973,0.3250008411746846,37.5,34.05,37.5,9.631868131868131,10.25,9.631868131868131,0.5345368916797488,0.5357142857142857,0.5345368916797488,0.108712715855573,0.11071428571428574,0.108712715855573,8.412234042553191,9.263563829787236,8.412234042553191,8.408088235294118,8.868014705882354,8.408088235294118,0.21632770180426047,0.23536078104738245,0.21632770180426047,31.5,32.25,31.5,5.635395537525355,5.753600405679514,5.635395537525355,0.5283975659229209,0.51105476673428,0.5283975659229209,0.15720081135902636,0.16298174442190672,0.15720081135902636,Week 4
2026_04_IND_WAS,2026,4,WAS,2026-10-04 13:30:00+00:00,0.06432223554840365,0.0629946022859028,0.06432223554840365,67.5,67.65,67.5,5.072102721685689,4.851942493415276,5.072102721685689,0.4669666374012291,0.45481782265144866,0.4669666374012291,0.08900351185250219,0.0843612818261633,0.08900351185250219,0.21477172958735732,0.21651668129938542,0.21477172958735732,0.09646619841966637,0.08958516242317822,0.09646619841966637,0.07156453342169969,0.08264380218829778,0.07156453342169969,35.5,35.650000000000006,35.5,5.221031746031747,5.013055555555556,5.221031746031747,0.4234126984126984,0.4047222222222222,0.4234126984126984,0.056746031746031746,0.048055555555555546,0.056746031746031746,9.790336134453781,9.65029411764706,9.790336134453781,3.9070048309178746,3.918236714975846,3.9070048309178746,0.055641618531200296,0.04051613005888672,0.055641618531200296,32.0,32.0,32.0,4.90625,4.671875,4.90625,0.515625,0.5109375,0.515625,0.125,0.125,0.125,0.14883285481229125,0.12548790541291327,0.14883285481229125,52.5,52.05,52.5,6.211328976034858,6.230283224400871,6.211328976034858,0.45424836601307195,0.42385620915032685,0.45424836601307195,0.105119825708061,0.10887799564270154,0.105119825708061,0.23910675381263619,0.24972766884531594,0.23910675381263619,0.12363834422657952,0.12184095860566449,0.12363834422657952,0.2515877415514708,0.18975473688397482,0.2515877415514708,30.5,29.75,30.5,7.28030303030303,7.046212121212121,7.28030303030303,0.4967532467532467,0.45487012987012987,0.4967532467532467,0.11417748917748918,0.11206709956709957,0.11417748917748918,8.435483870967742,8.60483870967742,8.435483870967742,4.013736263736264,4.202472527472528,4.013736263736264,-0.017159923594025607,0.018620112654499976,-0.017159923594025607,22.0,22.3,22.0,4.571428571428571,5.0,4.571428571428571,0.38819875776397517,0.3760869565217391,0.38819875776397517,0.08902691511387163,0.10144927536231885,0.08902691511387163,Week 4
2026_04_ARI_NYG,2026,4,ARI,2026-10-04 17:00:00+00:00,-0.09054654321262215,-0.020139707267092355,-0.09054654321262215,58.0,61.300000000000004,58.0,4.475948196114708,4.854902867715079,4.475948196114708,0.40595127967930933,0.43199198273203826,0.40595127967930933,0.04687018193031144,0.05454825778600062,0.04687018193031144,0.22186247301880974,0.2118254702436016,0.22186247301880974,0.07539315448658648,0.07886216466234967,0.07539315448658648,-0.016147678266943605,0.059850820095928306,-0.016147678266943605,34.0,35.2,34.0,4.994736842105263,5.683157894736842,4.994736842105263,0.4429824561403509,0.47587719298245623,0.4429824561403509,0.02631578947368421,0.034210526315789476,0.02631578947368421,5.770752895752896,6.334121621621622,5.770752895752896,3.5206971677559915,3.553376906318083,3.5206971677559915,-0.19676966534985063,-0.1287097712224986,-0.19676966534985063,24.0,26.100000000000005,24.0,3.978178368121442,3.936337760910816,3.978178368121442,0.3567362428842505,0.3755218216318786,0.3567362428842505,0.07779886148007589,0.08349146110056926,0.07779886148007589,-0.05515667550995945,-0.11179737389230371,-0.05515667550995945,59.0,56.6,59.0,5.470734562481709,5.40598478197249,5.470734562481709,0.42742171495463854,0.41684225929177643,0.42742171495463854,0.08399180567749487,0.0823236757389523,0.08399180567749487,0.17544629792215394,0.16987123207491955,0.17544629792215394,0.07184664910740415,0.062057360257535846,0.07184664910740415,0.20448844078975165,0.0870652453825834,0.20448844078975165,28.5,28.950000000000003,28.5,7.1722222222222225,6.890555555555556,7.1722222222222225,0.4759259259259259,0.4631481481481482,0.4759259259259259,0.07037037037037036,0.06925925925925926,0.07037037037037036,9.42094017094017,9.627991452991454,9.42094017094017,5.136222910216718,4.971826625386997,5.136222910216718,-0.25190777775948975,-0.2739674852742454,-0.25190777775948975,30.5,27.65,30.5,3.9535714285714283,3.924642857142857,3.9535714285714283,0.37916666666666665,0.36541666666666667,0.37916666666666665,0.09761904761904762,0.09690476190476191,0.09761904761904762,Week 4
2026_04_TEN_BAL,2026,4,BAL,2026-10-04 17:00:00+00:00,0.2188294758370088,0.24962580601269407,0.2188294758370088,57.5,58.25,57.5,7.078030303030303,7.4996212121212125,7.078030303030303,0.5681818181818181,0.5477272727272727,0.5681818181818181,0.12045454545454545,0.12931818181818183,0.12045454545454545,0.1484848484848485,0.14393939393939395,0.1484848484848485,0.06136363636363636,0.05795454545454545,0.06136363636363636,0.23945581420224044,0.2804284208237864,0.23945581420224044,29.5,28.45,29.5,8.937062937062937,9.763636363636365,8.937062937062937,0.5419580419580419,0.5409090909090909,0.5419580419580419,0.10314685314685315,0.10681818181818184,0.10314685314685315,10.975,11.057500000000001,10.975,6.970588235294118,7.861764705882353,6.970588235294118,0.20794410794042387,0.22949226534269682,0.20794410794042387,28.0,29.800000000000004,28.0,5.469251336898395,5.637299465240642,5.469251336898395,0.6216577540106951,0.576336898395722,0.6216577540106951,0.13368983957219252,0.14652406417112301,0.13368983957219252,-0.04608954722754288,-0.10463365198123228,-0.04608954722754288,58.5,56.85000000000001,58.5,4.719487028301886,4.724395636792453,4.719487028301886,0.43410966981132076,0.428405070754717,0.43410966981132076,0.1129127358490566,0.1186615566037736,0.1129127358490566,0.21152712264150944,0.2046727594339623,0.21152712264150944,0.09080188679245282,0.08054245283018868,0.09080188679245282,-0.08311438838421445,-0.1966620833731514,-0.08311438838421445,35.0,34.4,35.0,5.406224406224407,5.138902538902539,5.406224406224407,0.43857493857493857,0.4160933660933661,0.43857493857493857,0.09787059787059788,0.08669123669123668,0.09787059787059788,6.374288425047438,6.407163187855787,6.374288425047438,4.12962962962963,4.090740740740741,4.12962962962963,0.03545920864740083,0.06153369739193912,0.03545920864740083,23.5,22.450000000000003,23.5,3.8092592592592593,4.196481481481482,3.8092592592592593,0.4351851851851852,0.45462962962962966,0.4351851851851852,0.14351851851851852,0.175462962962963,0.14351851851851852,Week 4
2026_04_NE_BUF,2026,4,BUF,2026-10-04 17:00:00+00:00,0.33194831315748374,0.30114129337267326,0.33194831315748374,59.0,56.9,59.0,7.343822843822844,7.506060606060606,7.343822843822844,0.48980186480186483,0.46401515151515155,0.48980186480186483,0.16783216783216784,0.16363636363636364,0.16783216783216784,0.16987179487179488,0.17083333333333334,0.16987179487179488,0.09702797202797203,0.08522727272727273,0.09702797202797203,0.45512199181620683,0.4548512435779849,0.45512199181620683,32.5,32.35,32.5,8.728693181818182,9.138210227272728,8.728693181818182,0.47632575757575757,0.46467803030303034,0.47632575757575757,0.1387310606060606,0.14398674242424245,0.1387310606060606,10.393770856507231,11.237708565072303,10.393770856507231,4.65,4.74,4.65,0.1412862593545552,0.05969645547989448,0.1412862593545552,26.5,24.55,26.5,5.296212121212121,5.012348484848484,5.296212121212121,0.49318181818181817,0.4502272727272727,0.49318181818181817,0.19621212121212123,0.18234848484848484,0.19621212121212123,0.1506594420032698,0.12613391767119,0.1506594420032698,67.5,69.15,67.5,5.472492266902342,5.396498011489173,5.472492266902342,0.47481219619973486,0.4720945647370747,0.47481219619973486,0.11124613345117101,0.11074900574458683,0.11124613345117101,0.19829871851524525,0.20456252761820592,0.19829871851524525,0.08020326999558108,0.08490941228457799,0.08020326999558108,0.2393955733792385,0.17852648292605222,0.2393955733792385,41.5,41.35,41.5,6.574622531939605,6.482723577235772,6.574622531939605,0.5296167247386759,0.5170731707317073,0.5296167247386759,0.10830429732868757,0.10508130081300814,0.10830429732868757,8.671052631578947,8.611842105263158,8.671052631578947,4.615384615384615,4.546153846153847,4.615384615384615,-0.04895390470698713,-0.0011381814309601307,-0.04895390470698713,26.0,27.800000000000004,26.0,3.5875,3.67375,3.5875,0.36875,0.389375,0.36875,0.1125,0.11625000000000002,0.1125,Week 4
2026_04_NYJ_CHI,2026,4,CHI,2026-10-04 17:00:00+00:00,0.14201645085805154,0.22222602406206216,0.14201645085805154,69.5,69.65,69.5,6.0950310559006216,6.632236024844722,6.0950310559006216,0.43084886128364386,0.46445134575569363,0.43084886128364386,0.12225672877846791,0.12415113871635611,0.12225672877846791,0.20869565217391306,0.20608695652173914,0.20869565217391306,0.10766045548654243,0.11821946169772257,0.10766045548654243,0.17604663454327618,0.25799326942691125,0.17604663454327618,34.5,33.45,34.5,6.354414261460102,6.973896434634976,6.354414261460102,0.451188455008489,0.49970288624787784,0.451188455008489,0.09083191850594227,0.10229202037351445,0.09083191850594227,8.308823529411764,9.116176470588236,8.308823529411764,5.154761904761905,4.751190476190477,5.154761904761905,0.10888202504082405,0.1895362946992094,0.10888202504082405,35.0,36.2,35.0,5.892059553349876,6.362903225806453,5.892059553349876,0.42100909842845324,0.4408602150537635,0.42100909842845324,0.1608767576509512,0.1510752688172043,0.1608767576509512,0.0518237850622915,0.09073740328026422,0.0518237850622915,56.5,58.150000000000006,56.5,6.266603415559772,6.699525616698293,6.266603415559772,0.4086021505376344,0.43118279569892476,0.4086021505376344,0.10373181530676787,0.11132194813409235,0.10373181530676787,0.20003162555344717,0.18357052498418722,0.20003162555344717,0.061669829222011384,0.0625237191650854,0.061669829222011384,0.13668806188573573,0.17099921393340275,0.13668806188573573,31.5,34.050000000000004,31.5,7.17336956521739,7.668858695652174,7.17336956521739,0.4206521739130435,0.4294565217391305,0.4206521739130435,0.10597826086956522,0.11168478260869566,0.10597826086956522,8.74078947368421,9.008026315789474,8.74078947368421,6.573122529644269,6.63596837944664,6.573122529644269,-0.052534656512136,-0.020234991052248817,-0.052534656512136,25.0,24.1,25.0,4.965909090909091,5.180681818181818,4.965909090909091,0.41558441558441556,0.4545454545454546,0.41558441558441556,0.10389610389610389,0.11363636363636365,0.10389610389610389,Week 4
2026_04_JAX_CIN,2026,4,CIN,2026-10-04 17:00:00+00:00,-0.0467414972272794,-0.03318709927909704,-0.0467414972272794,60.0,60.60000000000001,60.0,5.149054505005562,5.307563959955507,5.149054505005562,0.3890433815350389,0.4126529477196886,0.3890433815350389,0.10817575083426029,0.10959399332591768,0.10817575083426029,0.2422135706340378,0.23729143492769744,0.2422135706340378,0.10761957730812013,0.11404338153503894,0.10761957730812013,-0.04409275908423542,-0.05275620687914627,-0.04409275908423542,36.0,36.0,36.0,5.930555555555555,6.1930555555555555,5.930555555555555,0.3888888888888889,0.4222222222222223,0.3888888888888889,0.09722222222222221,0.09305555555555556,0.09722222222222221,6.01889400921659,6.150368663594471,6.01889400921659,4.755,5.056500000000001,4.755,-0.060064561447440865,-0.012850318279114675,-0.060064561447440865,24.0,24.6,24.0,4.012237762237762,4.043181818181818,4.012237762237762,0.39335664335664333,0.40227272727272734,0.39335664335664333,0.12237762237762238,0.13181818181818183,0.12237762237762238,-0.21627604828008073,-0.20695739423658982,-0.21627604828008073,63.5,59.75,63.5,5.235036119711042,5.329231166150671,5.235036119711042,0.39976780185758515,0.42101393188854497,0.39976780185758515,0.08204334365325078,0.07507739938080496,0.08204334365325078,0.2098813209494324,0.20574045407636737,0.2098813209494324,0.08191434468524252,0.08675180598555213,0.08191434468524252,-0.20215038677330407,-0.21568273440202917,-0.20215038677330407,45.0,41.1,45.0,5.722521551724138,5.815140086206897,5.722521551724138,0.4240301724137931,0.43744612068965516,0.4240301724137931,0.07435344827586207,0.07079741379310345,0.07435344827586207,6.970238095238095,6.411309523809524,6.970238095238095,5.947101449275363,6.341231884057971,5.947101449275363,-0.3095045321109629,-0.24086861170526747,-0.3095045321109629,18.5,18.650000000000002,18.5,4.035087719298246,4.245614035087719,4.035087719298246,0.3201754385964912,0.3662280701754387,0.3201754385964912,0.10964912280701754,0.09254385964912279,0.10964912280701754,Week 4
2026_04_DAL_HOU,2026,4,DAL,2026-10-04 17:00:00+00:00,0.22365970232468335,0.22276280717902305,0.22365970232468335,53.0,52.7,53.0,5.42022792022792,5.201851851851853,5.42022792022792,0.5085470085470085,0.4944444444444445,0.5085470085470085,0.05591168091168091,0.0449074074074074,0.05591168091168091,0.20762108262108261,0.2087962962962963,0.20762108262108261,0.14173789173789175,0.14537037037037037,0.14173789173789175,0.3815092133278666,0.35865265019328946,0.3815092133278666,33.5,33.650000000000006,33.5,6.603832442067736,6.166800356506239,6.603832442067736,0.5387700534759359,0.5094919786096257,0.5387700534759359,0.06060606060606061,0.04242424242424241,0.06060606060606061,8.479601518026566,8.66219165085389,8.479601518026566,3.760489510489511,3.873251748251749,3.760489510489511,-0.03782613523695286,-0.00824596248130545,-0.03782613523695286,19.5,19.05,19.5,3.488095238095238,3.591666666666667,3.488095238095238,0.4642857142857143,0.47500000000000003,0.4642857142857143,0.051587301587301584,0.05277777777777778,0.051587301587301584,0.21881344530806685,0.263833174973465,0.21881344530806685,66.0,65.7,66.0,5.972215843857635,6.022089552238807,5.972215843857635,0.5537313432835821,0.5676119402985075,0.5537313432835821,0.08300803673938002,0.07656716417910447,0.08300803673938002,0.18140068886337543,0.17313432835820897,0.18140068886337543,0.12893226176808267,0.13179104477611941,0.12893226176808267,0.37074346148104237,0.4715764086654433,0.37074346148104237,33.0,32.400000000000006,33.0,6.650691244239631,6.871612903225808,6.650691244239631,0.5976958525345623,0.6312903225806452,0.5976958525345623,0.04285714285714286,0.029999999999999992,0.04285714285714286,9.352709359605912,9.081379310344829,9.352709359605912,3.8043478260869565,3.784782608695652,3.8043478260869565,0.08339314580122364,0.07659311550991707,0.08339314580122364,33.0,33.300000000000004,33.0,5.34375,5.2406250000000005,5.34375,0.515625,0.5109375,0.515625,0.1213235294117647,0.12022058823529413,0.1213235294117647,Week 4
2026_04_GB_TB,2026,4,GB,2026-10-04 17:00:00+00:00,-0.19850352518424136,-0.1914001710255,-0.19850352518424136,58.5,61.05000000000001,58.5,5.116865671641791,5.457925373134329,5.116865671641791,0.3540298507462687,0.3642388059701493,0.3540298507462687,0.09716417910447761,0.1083134328358209,0.09716417910447761,0.17955223880597015,0.1794179104477612,0.17955223880597015,0.032388059701492534,0.0361044776119403,0.032388059701492534,-0.07889533701333327,-0.07285921043329166,-0.07889533701333327,39.0,41.1,39.0,5.961956521739131,6.47554347826087,5.961956521739131,0.3627717391304348,0.3778532608695653,0.3627717391304348,0.09171195652173914,0.1098505434782609,0.09171195652173914,9.307471264367816,9.865229885057472,9.307471264367816,6.747023809523809,7.008630952380953,6.747023809523809,-0.43508728697714916,-0.4332707341918851,-0.43508728697714916,19.5,19.950000000000003,19.5,3.321428571428571,3.267857142857143,3.321428571428571,0.3333333333333333,0.3333333333333333,0.3333333333333333,0.10317460317460317,0.1007936507936508,0.10317460317460317,-0.06287999816895506,-0.049895305262194906,-0.06287999816895506,65.0,63.2,65.0,4.074838863690618,4.0930651706851275,4.074838863690618,0.3681069467653378,0.3644545237526856,0.3681069467653378,0.03807591310575316,0.036822630699450944,0.03807591310575316,0.2524468846980186,0.24789925996657913,0.2524468846980186,0.1396514681308188,0.14351873955597996,0.1396514681308188,0.05817593954575563,0.04628190872204643,0.05817593954575563,36.0,33.6,36.0,4.87012987012987,4.844805194805195,4.87012987012987,0.4237012987012987,0.41444805194805195,0.4237012987012987,0.02922077922077922,0.031168831168831172,0.02922077922077922,6.829166666666667,6.980416666666667,6.829166666666667,4.496296296296296,4.067407407407408,4.496296296296296,-0.24630859318026802,-0.18862647055561163,-0.24630859318026802,29.0,29.6,29.0,3.0149342891278375,3.1749701314217447,3.0149342891278375,0.2909199522102748,0.3004181600955795,0.2909199522102748,0.05316606929510155,0.04689366786140979,0.05316606929510155,Week 4
2026_04_DAL_HOU,2026,4,HOU,2026-10-04 17:00:00+00:00,-0.08921526709769004,-0.04177837869948184,-0.08921526709769004,74.5,74.05000000000001,74.5,5.070115356885364,5.11483417447729,5.070115356885364,0.39735039653929344,0.4178713049747657,0.39735039653929344,0.10742609949531362,0.10807498197548666,0.10742609949531362,0.22143114635904831,0.22075522710886808,0.22143114635904831,0.0808399423215573,0.08535508291276137,0.0808399423215573,-0.06027197807113474,-0.031240803089208995,-0.06027197807113474,49.5,46.95,49.5,5.841042893187552,5.969217830109336,5.841042893187552,0.43355761143818333,0.44983179142136254,0.43355761143818333,0.09188393608074012,0.09358704793944492,0.09188393608074012,8.653508771929825,8.599561403508773,8.653508771929825,4.50897435897436,4.471666666666668,4.50897435897436,-0.21392954695842242,-0.1166211310069648,-0.21392954695842242,25.0,27.1,25.0,3.604166666666667,3.6854166666666672,3.604166666666667,0.3020833333333333,0.3427083333333334,0.3020833333333333,0.14583333333333331,0.13958333333333334,0.14583333333333331,0.06866771174344749,0.11684487238284794,0.06866771174344749,55.0,54.1,55.0,6.2526525198939,6.742241379310345,6.2526525198939,0.3570954907161804,0.3711206896551725,0.3570954907161804,0.1286472148541114,0.13620689655172413,0.1286472148541114,0.21584880636604775,0.20301724137931035,0.21584880636604775,0.07194960212201593,0.06767241379310346,0.07194960212201593,0.21950244896046722,0.28991756357896725,0.21950244896046722,34.0,33.400000000000006,34.0,7.574652777777778,8.330381944444445,7.574652777777778,0.3576388888888889,0.38159722222222225,0.3576388888888889,0.13368055555555555,0.14045138888888892,0.13368055555555555,9.393770856507231,10.537708565072304,9.393770856507231,4.35,4.53,4.35,-0.17406256278475418,-0.16104772001762202,-0.17406256278475418,21.0,20.700000000000003,21.0,4.129545454545454,4.195681818181819,4.129545454545454,0.3568181818181818,0.3547727272727273,0.3568181818181818,0.12045454545454545,0.12931818181818183,0.12045454545454545,Week 4
2026_04_JAX_CIN,2026,4,JAX,2026-10-04 17:00:00+00:00,0.14530107351159804,0.20316108346859513,0.14530107351159804,54.0,53.7,54.0,5.860891938250429,6.1573413379073765,5.860891938250429,0.5200686106346484,0.545180102915952,0.5200686106346484,0.13036020583190394,0.14219554030874787,0.13036020583190394,0.19399656946826757,0.1867409948542024,0.19399656946826757,0.09262435677530018,0.09313893653516296,0.09262435677530018,0.3299089115124546,0.46870468489324346,0.3299089115124546,27.5,26.450000000000003,27.5,7.665322580645162,8.290725806451613,7.665322580645162,0.5638440860215054,0.6071908602150539,0.5638440860215054,0.13172043010752688,0.14220430107526882,0.13172043010752688,10.46776611694153,10.483958020989506,10.46776611694153,2.753267973856209,2.9439542483660137,2.753267973856209,0.012286905098058007,-0.002763825999406,0.012286905098058007,26.5,27.250000000000004,26.5,4.203304597701149,4.276795977011495,4.203304597701149,0.4877873563218391,0.49662356321839085,0.4877873563218391,0.1278735632183908,0.14123563218390806,0.1278735632183908,-0.02990830626101349,-0.07621696331674079,-0.02990830626101349,52.5,51.45,52.5,6.3022959183673475,6.076913265306123,6.3022959183673475,0.4655612244897959,0.46058673469387756,0.4655612244897959,0.12117346938775511,0.10931122448979591,0.12117346938775511,0.17091836734693877,0.16862244897959183,0.17091836734693877,0.04591836734693877,0.038265306122448974,0.04591836734693877,-0.04614849871296742,-0.14158207777349077,-0.04614849871296742,29.0,28.400000000000002,29.0,8.071087216248507,7.705316606929511,8.071087216248507,0.48028673835125446,0.46953405017921146,0.48028673835125446,0.13620071684587814,0.12867383512544803,0.13620071684587814,9.504398826979472,9.76217008797654,9.504398826979472,5.173295454545455,5.402556818181819,5.173295454545455,-0.01091585809993205,0.0033467709864853194,-0.01091585809993205,23.5,23.05,23.5,4.117272727272727,4.068454545454546,4.117272727272727,0.44727272727272727,0.4494545454545455,0.44727272727272727,0.10272727272727272,0.08554545454545454,0.10272727272727272,Week 4
2026_04_LA_PHI,2026,4,LA,2026-10-04 17:00:00+00:00,0.012688817259913776,-0.07050950492516032,0.012688817259913776,56.0,56.0,56.0,6.919642857142857,6.402678571428571,6.919642857142857,0.4910714285714286,0.4723214285714286,0.4910714285714286,0.13392857142857142,0.11517857142857141,0.13392857142857142,0.1517857142857143,0.15446428571428572,0.1517857142857143,0.0625,0.054464285714285715,0.0625,0.1008524884107887,-0.04755891378912164,0.1008524884107887,29.5,29.05,29.5,8.129032258064516,7.490322580645161,8.129032258064516,0.46889400921658986,0.4353686635944701,0.46889400921658986,0.11635944700460829,0.10288018433179723,0.11635944700460829,10.070238095238096,9.781309523809524,10.070238095238096,5.474598930481283,5.385160427807487,5.474598930481283,-0.11213972643500061,-0.11912550684202662,-0.11213972643500061,26.5,26.950000000000003,26.5,5.5164285714285715,5.1793571428571425,5.5164285714285715,0.51,0.507,0.51,0.1557142857142857,0.13042857142857142,0.1557142857142857,-0.12521541263544322,-0.034020520414255725,-0.12521541263544322,59.5,60.85000000000001,59.5,4.615482954545454,5.007400568181819,4.615482954545454,0.41761363636363635,0.46107954545454555,0.41761363636363635,0.055965909090909094,0.06730113636363637,0.055965909090909094,0.22102272727272726,0.2109659090909091,0.22102272727272726,0.08196022727272727,0.0901846590909091,0.08196022727272727,-0.18795039034986843,-0.08898620675184085,-0.18795039034986843,34.0,34.0,34.0,4.926470588235294,5.257352941176471,4.926470588235294,0.42647058823529416,0.46617647058823536,0.42647058823529416,0.029411764705882353,0.029411764705882353,0.029411764705882353,7.5193014705882355,6.578216911764706,7.5193014705882355,4.304285714285714,4.417,4.304285714285714,-0.03259070742814939,0.04334146876000243,-0.03259070742814939,25.5,26.85,25.5,4.138095238095238,4.636666666666667,4.138095238095238,0.4023809523809524,0.4516666666666667,0.4023809523809524,0.08333333333333333,0.10833333333333335,0.08333333333333333,Week 4
2026_04_NE_BUF,2026,4,NE,2026-10-04 17:00:00+00:00,-0.08965030790051862,-0.0956436966925337,-0.08965030790051862,59.0,61.400000000000006,59.0,5.302458296751537,4.952019315188762,5.302458296751537,0.41483757682177347,0.4157594381035996,0.41483757682177347,0.10081943225051214,0.08400643839625402,0.10081943225051214,0.23705004389815626,0.23757682177348552,0.23705004389815626,0.09379572724612233,0.09252268071407668,0.09379572724612233,-0.16979085174015573,-0.1573648808429922,-0.16979085174015573,30.5,32.150000000000006,30.5,6.153333333333333,5.707333333333334,6.153333333333333,0.4361111111111111,0.4469444444444445,0.4361111111111111,0.08,0.05599999999999999,0.08,7.803030303030303,7.471212121212122,7.803030303030303,4.8773291925465845,4.861956521739131,4.8773291925465845,-0.010720150243512888,-0.033862879085608734,-0.010720150243512888,28.5,29.250000000000004,28.5,4.431141439205955,4.156637717121589,4.431141439205955,0.3889578163771712,0.3787220843672457,0.3889578163771712,0.1253101736972705,0.11674937965260546,0.1253101736972705,-0.14506689929318772,-0.08186587147539619,-0.14506689929318772,57.0,54.0,57.0,4.796284534772944,5.182931089234678,4.796284534772944,0.38869482375357256,0.39336297237218165,0.38869482375357256,0.08621784693553508,0.0986503651953001,0.08621784693553508,0.2065735154017148,0.2148142267386472,0.2065735154017148,0.03620196887900921,0.03810733566211496,0.03620196887900921,-0.16402887585189968,-0.06441503344553594,-0.16402887585189968,35.0,32.3,35.0,5.251748251748252,5.845454545454547,5.251748251748252,0.4353146853146853,0.44318181818181823,0.4353146853146853,0.06905594405594406,0.08295454545454548,0.06905594405594406,5.895833333333334,6.052083333333334,5.895833333333334,5.884910485933504,5.954731457800512,5.884910485933504,-0.07422971484673356,-0.0703193548459699,-0.07422971484673356,22.0,21.700000000000003,22.0,4.311594202898551,4.418115942028986,4.311594202898551,0.3188405797101449,0.32318840579710145,0.3188405797101449,0.11490683229813664,0.12329192546583852,0.11490683229813664,Week 4
2026_04_ARI_NYG,2026,4,NYG,2026-10-04 17:00:00+00:00,-0.030159587923337117,0.08955205171148226,-0.030159587923337117,60.0,61.5,60.0,4.723776223776224,5.148181818181819,4.723776223776224,0.43636363636363634,0.48545454545454547,0.43636363636363634,0.039860139860139865,0.04636363636363637,0.039860139860139865,0.2041958041958042,0.1890909090909091,0.2041958041958042,0.0965034965034965,0.10909090909090911,0.0965034965034965,0.09451114154287588,0.2782137847087268,0.09451114154287588,32.5,32.050000000000004,32.5,5.605313092979127,6.139848197343454,5.605313092979127,0.5018975332068312,0.5642314990512335,0.5018975332068312,0.014705882352941176,0.010294117647058822,0.014705882352941176,9.552262931034484,9.221066810344828,9.552262931034484,3.8338509316770186,3.8054347826086956,3.8338509316770186,-0.11248579161256009,-0.06052214067973151,-0.11248579161256009,27.5,29.450000000000003,27.5,3.738095238095238,4.116666666666667,3.738095238095238,0.36904761904761907,0.4083333333333334,0.36904761904761907,0.058823529411764705,0.07647058823529414,0.058823529411764705,0.2553433048579881,0.2449413289523364,0.2553433048579881,54.0,53.4,54.0,6.667582417582418,6.074999999999999,6.667582417582418,0.507554945054945,0.4937500000000001,0.507554945054945,0.10782967032967034,0.08124999999999998,0.10782967032967034,0.17719780219780218,0.18750000000000003,0.17719780219780218,0.12156593406593408,0.13125,0.12156593406593408,0.4504389159782161,0.4069034420485341,0.4504389159782161,32.5,32.95,32.5,7.7025616698292225,6.935910815939279,7.7025616698292225,0.510910815939279,0.48999051233396584,0.510910815939279,0.08064516129032258,0.05645161290322579,0.08064516129032258,10.06078431372549,9.769019607843138,10.06078431372549,4.954545454545455,4.709090909090909,4.954545454545455,-0.014039675564854408,0.00840455928916346,-0.014039675564854408,21.5,20.450000000000003,21.5,5.236666666666666,4.815666666666667,5.236666666666666,0.51,0.507,0.51,0.14777777777777779,0.12011111111111109,0.14777777777777779,Week 4
2026_04_NYJ_CHI,2026,4,NYJ,2026-10-04 17:00:00+00:00,0.031093901253557148,0.072270763987071,0.031093901253557148,65.5,63.85,65.5,5.09037558685446,5.413262910798123,5.09037558685446,0.4401408450704225,0.4580985915492958,0.4401408450704225,0.07946009389671362,0.09062206572769954,0.07946009389671362,0.2254694835680751,0.21282863849765257,0.2254694835680751,0.0800469483568075,0.06603286384976526,0.0800469483568075,0.2521374399886174,0.2984318592977668,0.2521374399886174,34.0,31.0,34.0,6.9564393939393945,7.557007575757576,6.9564393939393945,0.4772727272727273,0.4840909090909091,0.4772727272727273,0.0946969696969697,0.1162878787878788,0.0946969696969697,6.6625,6.76375,6.6625,5.120857699805068,4.879337231968811,5.120857699805068,-0.21448346599987475,-0.14725380522110038,-0.21448346599987475,31.5,32.85,31.5,3.393518518518518,3.66712962962963,3.393518518518518,0.37962962962962965,0.4157407407407408,0.37962962962962965,0.07870370370370369,0.08009259259259259,0.07870370370370369,-0.17040257339312248,-0.15486893369704544,-0.17040257339312248,49.5,49.35,49.5,3.979795918367347,3.9797346938775515,3.979795918367347,0.38448979591836735,0.4038367346938776,0.38448979591836735,0.050408163265306116,0.047530612244897956,0.050408163265306116,0.21244897959183673,0.22218367346938778,0.21244897959183673,0.050816326530612244,0.06006122448979592,0.050816326530612244,-0.15452579012386042,-0.17117879947697695,-0.15452579012386042,33.5,33.95,33.5,3.939285714285714,3.8460714285714284,3.939285714285714,0.3705357142857143,0.3879464285714286,0.3705357142857143,0.015625,0.010937499999999998,0.015625,6.692887931034482,6.466271551724138,6.692887931034482,4.990131578947368,4.72467105263158,4.990131578947368,-0.16561806004871854,-0.0829607391849253,-0.16561806004871854,16.0,15.4,16.0,4.178571428571429,4.382142857142857,4.178571428571429,0.41666666666666663,0.4416666666666667,0.41666666666666663,0.12698412698412698,0.13174603174603175,0.12698412698412698,Week 4
2026_04_LA_PHI,2026,4,PHI,2026-10-04 17:00:00+00:00,0.05499619316389909,0.059802242259038775,0.05499619316389909,61.5,58.35,61.5,5.505310457516339,5.736070261437908,5.505310457516339,0.377859477124183,0.3703839869281046,0.377859477124183,0.08660130718954248,0.09591503267973858,0.08660130718954248,0.2622549019607843,0.26593137254901966,0.2622549019607843,0.13521241830065361,0.12994281045751635,0.13521241830065361,0.13232652766259415,0.1062718871617612,0.13232652766259415,34.0,32.2,34.0,6.4,6.43,6.4,0.41607142857142854,0.39839285714285716,0.41607142857142854,0.10357142857142856,0.10464285714285715,0.10357142857142856,8.445945945945946,8.612162162162162,8.445945945945946,3.5137362637362637,3.852472527472528,3.5137362637362637,-0.04208311567938084,0.0011738781947513155,-0.04208311567938084,27.5,26.15,27.5,4.390625,4.8734375000000005,4.390625,0.33016304347826086,0.33546195652173916,0.33016304347826086,0.06521739130434782,0.08478260869565218,0.06521739130434782,0.06746039396607742,0.06519131317827445,0.06746039396607742,59.5,62.050000000000004,59.5,5.022058823529411,4.816911764705882,5.022058823529411,0.428921568627451,0.42818627450980395,0.428921568627451,0.10539215686274511,0.09583333333333334,0.10539215686274511,0.23774509803921567,0.23259803921568628,0.23774509803921567,0.09558823529411764,0.08897058823529412,0.09558823529411764,0.0520269297849232,0.06896747964255424,0.0520269297849232,29.0,31.100000000000005,29.0,6.104797979797979,5.631691919191919,6.104797979797979,0.36237373737373735,0.36199494949494954,0.36237373737373735,0.1047979797979798,0.08169191919191919,0.1047979797979798,8.161764705882353,8.51029411764706,8.161764705882353,5.972222222222222,5.363888888888889,5.972222222222222,0.07026577147532619,0.050753037119774844,0.07026577147532619,30.5,30.950000000000003,30.5,4.165948275862069,4.153663793103449,4.165948275862069,0.4913793103448276,0.4939655172413794,0.4913793103448276,0.11422413793103448,0.11745689655172414,0.11422413793103448,Week 4
2026_04_GB_TB,2026,4,TB,2026-10-04 17:00:00+00:00,-0.16562951592099423,-0.17150482158522926,-0.16562951592099423,56.5,54.85,56.5,5.2987033523086655,5.373798228969007,5.2987033523086655,0.428842504743833,0.44136622390891844,0.428842504743833,0.08586337760910816,0.07775142314990513,0.08586337760910816,0.22707147375079062,0.21777356103731815,0.22707147375079062,0.10547122074636306,0.1032416192283365,0.10547122074636306,-0.3068803393328644,-0.28899370119372136,-0.3068803393328644,34.5,33.75,34.5,5.394003378378379,5.585177364864865,5.394003378378379,0.39653716216216217,0.4182010135135136,0.39653716216216217,0.07179054054054054,0.06900337837837839,0.07179054054054054,8.744747899159664,7.653466386554621,8.744747899159664,5.630434782608695,6.119565217391305,5.630434782608695,0.049756756807021844,0.010614290537321797,0.049756756807021844,22.0,21.1,22.0,5.108421052631579,4.996947368421052,5.108421052631579,0.47684210526315784,0.47589473684210526,0.47684210526315784,0.10631578947368421,0.09021052631578946,0.10631578947368421,0.003903393575409393,0.002264324282785104,0.003903393575409393,57.5,58.85000000000001,57.5,5.376445526475958,5.466737674984785,5.376445526475958,0.45085209981740715,0.4559190505173463,0.45085209981740715,0.0753195374315277,0.08659464394400487,0.0753195374315277,0.23554473524041386,0.23262325015216068,0.23554473524041386,0.11168594035301278,0.1168898356664638,0.11168594035301278,0.12560532669423896,0.06603245316578578,0.12560532669423896,34.0,34.6,34.0,6.887152777777778,6.862673611111111,6.887152777777778,0.53125,0.5218750000000001,0.53125,0.07291666666666666,0.07604166666666667,0.07291666666666666,5.0285714285714285,5.457142857142858,5.0285714285714285,6.275833333333333,6.121083333333333,6.275833333333333,-0.18651714995247035,-0.1013671302326353,-0.18651714995247035,23.5,24.25,23.5,3.152930402930403,3.441666666666667,3.152930402930403,0.3305860805860806,0.3583333333333334,0.3305860805860806,0.07692307692307693,0.10000000000000002,0.07692307692307693,Week 4
2026_04_TEN_BAL,2026,4,TEN,2026-10-04 17:00:00+00:00,-0.021799888907055837,-0.05084705455679882,-0.021799888907055837,50.0,49.7,50.0,4.842737094837935,4.5837935174069635,4.842737094837935,0.4401760704281713,0.4428171268507403,0.4401760704281713,0.08903561424569828,0.07456982793117246,0.08903561424569828,0.24989995998399359,0.24839935974389754,0.24989995998399359,0.09963985594237695,0.0942376950780312,0.09963985594237695,-0.10723869552071456,-0.13807783325477488,-0.10723869552071456,28.5,30.450000000000003,28.5,5.655194805194805,5.047207792207792,5.655194805194805,0.39610389610389607,0.4058441558441559,0.39610389610389607,0.09090909090909091,0.06363636363636363,0.09090909090909091,6.46875,6.309375,6.46875,6.052631578947368,5.468421052631579,6.052631578947368,0.12260728107887803,0.11879699960439226,0.12260728107887803,21.5,19.25,21.5,4.532019704433497,4.629556650246306,4.532019704433497,0.4913793103448276,0.4939655172413794,0.4913793103448276,0.1231527093596059,0.12906403940886702,0.1231527093596059,0.10366306993935168,0.12306918206712716,0.10366306993935168,66.0,64.2,66.0,5.451388888888889,5.665972222222223,5.451388888888889,0.4513888888888889,0.46597222222222223,0.4513888888888889,0.08611111111111111,0.0952777777777778,0.08611111111111111,0.21666666666666667,0.20666666666666667,0.21666666666666667,0.09305555555555556,0.07513888888888888,0.09305555555555556,0.3128137501755762,0.34090527642863794,0.3128137501755762,32.0,29.6,32.0,7.629166666666666,8.027916666666668,7.629166666666666,0.4875,0.49125,0.4875,0.13333333333333333,0.14333333333333334,0.13333333333333333,7.445945945945946,7.312162162162162,7.445945945945946,3.350202429149798,3.6398785425101217,3.350202429149798,-0.08832884599855745,-0.05894557122017829,-0.08832884599855745,34.0,34.6,34.0,3.5434027777777777,3.7720486111111113,3.5434027777777777,0.40625,0.43437500000000007,0.40625,0.041666666666666664,0.054166666666666675,0.041666666666666664,Week 4
2026_04_MIA_MIN,2026,4,MIA,2026-10-04 20:05:00+00:00,-0.11844562907566206,-0.15367890611960744,-0.11844562907566206,53.0,52.1,53.0,5.1257142857142854,5.1419999999999995,5.1257142857142854,0.37535714285714283,0.36475,0.37535714285714283,0.0967857142857143,0.10975000000000001,0.0967857142857143,0.23392857142857143,0.22375,0.23392857142857143,0.0825,0.06974999999999999,0.0825,-0.06173703865047532,-0.12974611415392998,-0.06173703865047532,29.5,30.25,29.5,6.26099537037037,6.117071759259259,6.26099537037037,0.3570601851851852,0.3530671296296296,0.3570601851851852,0.11516203703703703,0.12748842592592594,0.11516203703703703,9.396135265700483,10.010628019323672,9.396135265700483,6.95,6.785,6.95,-0.14899761227892236,-0.14704178977175053,-0.14899761227892236,23.5,21.85,23.5,3.814176245210728,3.903256704980843,3.814176245210728,0.3908045977011494,0.37356321839080464,0.3908045977011494,0.07279693486590039,0.0842911877394636,0.07279693486590039,0.21064956485931427,0.1357099529604906,0.21064956485931427,55.5,58.050000000000004,55.5,6.397606382978723,5.865824468085107,6.397606382978723,0.4981715425531915,0.4752825797872341,0.4981715425531915,0.11353058510638298,0.10290890957446808,0.11353058510638298,0.16821808510638298,0.1740026595744681,0.16821808510638298,0.10006648936170212,0.0981715425531915,0.10006648936170212,0.5367899154256445,0.379684887421544,0.5367899154256445,26.0,27.200000000000003,26.0,9.18939393939394,8.032575757575756,9.18939393939394,0.603030303030303,0.5521212121212121,0.603030303030303,0.1303030303030303,0.1012121212121212,0.1303030303030303,7.857575757575757,7.76030303030303,7.857575757575757,4.416666666666667,4.091666666666667,4.416666666666667,-0.07641542085107444,-0.07906790974086,-0.07641542085107444,29.5,30.85,29.5,3.94,3.958,3.94,0.40588235294117647,0.4076470588235295,0.40588235294117647,0.0988235294117647,0.10447058823529413,0.0988235294117647,Week 4
2026_04_MIA_MIN,2026,4,MIN,2026-10-04 20:05:00+00:00,-0.04874298207201934,-0.039999393994339896,-0.04874298207201934,55.0,56.2,55.0,4.479561316051845,4.376370887337986,4.479561316051845,0.3446327683615819,0.3480225988700565,0.3446327683615819,0.05616483881688268,0.04948487869724161,0.05616483881688268,0.24609504818876704,0.24345297441010305,0.24609504818876704,0.10568295114656032,0.11974077766699903,0.10568295114656032,0.020423362596785365,0.01985510485776725,0.020423362596785365,25.5,26.25,25.5,5.153726708074534,5.04332298136646,5.153726708074534,0.3920807453416149,0.3923136645962733,0.3920807453416149,0.06133540372670807,0.05364906832298136,0.06133540372670807,7.591666666666667,7.514166666666666,7.591666666666667,4.715151515151515,4.220606060606061,4.715151515151515,-0.10711752957158668,-0.09119272602953471,-0.10711752957158668,29.5,29.950000000000003,29.5,3.899193548387097,3.793951612903226,3.899193548387097,0.30414746543778803,0.3096774193548387,0.30414746543778803,0.05184331797235023,0.04596774193548387,0.05184331797235023,-0.15008723557187695,-0.15750876829684493,-0.15008723557187695,68.0,67.7,68.0,5.279039584685269,5.571447112264764,5.279039584685269,0.3534501406013411,0.3638330088687,0.3534501406013411,0.12513519359723124,0.12789314298074844,0.12513519359723124,0.19824789097988318,0.1925048669695003,0.19824789097988318,0.058619943759463555,0.054466796452520005,0.058619943759463555,-0.07794186507435087,-0.07219178007600399,-0.07794186507435087,42.0,43.2,42.0,5.981693363844394,6.489359267734554,5.981693363844394,0.351258581235698,0.36979405034324947,0.351258581235698,0.10240274599542334,0.11733409610983983,0.10240274599542334,8.392156862745097,9.224509803921569,8.392156862745097,7.059523809523809,7.227380952380953,7.059523809523809,-0.29449882575669806,-0.3348588113375694,-0.29449882575669806,26.0,24.5,26.0,3.732718894009216,3.555760368663594,3.732718894009216,0.34408602150537637,0.34086021505376346,0.34408602150537637,0.1443932411674347,0.12964669738863285,0.1443932411674347,Week 4
2026_04_DEN_SF,2026,4,DEN,2026-10-04 20:25:00+00:00,-0.10969978245276557,-0.1799458823660185,-0.10969978245276557,51.0,49.5,51.0,5.450698757763975,4.969836956521739,5.450698757763975,0.4258540372670807,0.4089673913043478,0.4258540372670807,0.09122670807453417,0.07038043478260869,0.09122670807453417,0.21972049689440992,0.23206521739130437,0.21972049689440992,0.05745341614906832,0.05326086956521739,0.05745341614906832,-0.0887275307423935,-0.19693481941174468,-0.0887275307423935,31.5,31.650000000000002,31.5,6.442036290322581,5.587550403225807,6.442036290322581,0.46118951612903225,0.4447076612903226,0.46118951612903225,0.08064516129032258,0.05645161290322579,0.08064516129032258,5.965437788018432,5.161520737327189,5.965437788018432,4.851604278074866,4.9843582887700535,4.851604278074866,-0.08050993720727889,-0.08712553185306561,-0.08050993720727889,19.5,17.85,19.5,4.354285714285714,4.376571428571429,4.354285714285714,0.3628571428571429,0.33971428571428575,0.3628571428571429,0.11571428571428571,0.10242857142857142,0.11571428571428571,0.05843085703750581,0.09022980205227517,0.05843085703750581,59.5,60.85000000000001,59.5,5.5301136363636365,5.727329545454546,5.5301136363636365,0.42911931818181814,0.4269460227272728,0.42911931818181814,0.10014204545454546,0.10291193181818183,0.10014204545454546,0.23409090909090907,0.2388636363636364,0.23409090909090907,0.11576704545454546,0.12322443181818184,0.11576704545454546,-0.10605858139752097,-0.09805305588972496,-0.10605858139752097,30.0,29.700000000000003,30.0,5.7558398220244715,5.808398220244717,5.7558398220244715,0.41657397107897665,0.41573971078976646,0.41657397107897665,0.0828698553948832,0.07869855394883203,0.0828698553948832,7.669859514687101,6.846679438058748,7.669859514687101,6.592156862745098,7.93450980392157,6.592156862745098,0.21444487840183554,0.26004153929550483,0.21444487840183554,29.5,31.150000000000002,29.5,5.179166666666667,5.545416666666668,5.179166666666667,0.44345238095238093,0.43898809523809523,0.44345238095238093,0.11309523809523808,0.12202380952380953,0.11309523809523808,Week 4
2026_04_KC_LV,2026,4,KC,2026-10-04 20:25:00+00:00,0.1966892737346841,0.18701069374029994,0.1966892737346841,71.0,68.9,71.0,6.446314102564102,6.3686698717948715,6.446314102564102,0.48657852564102566,0.467167467948718,0.48657852564102566,0.1123798076923077,0.11147836538461539,0.1123798076923077,0.20833333333333331,0.22083333333333335,0.20833333333333331,0.10236378205128205,0.11384214743589745,0.10236378205128205,0.09729850818522068,0.044296906818194176,0.09729850818522068,39.0,36.0,39.0,6.751231527093596,6.505172413793104,6.751231527093596,0.47220267417311756,0.454679802955665,0.47220267417311756,0.08550316678395496,0.08054187192118226,0.08550316678395496,5.250197005516155,5.152915681639086,5.250197005516155,8.970833333333333,9.599583333333333,8.970833333333333,0.2596589261872936,0.2916913727453254,0.2596589261872936,32.0,32.900000000000006,32.0,5.820689655172414,5.99448275862069,5.820689655172414,0.5073891625615763,0.48374384236453205,0.5073891625615763,0.14039408866995073,0.14113300492610836,0.14039408866995073,-0.09468739900672218,-0.16943721395378813,-0.09468739900672218,54.5,51.95,54.5,4.535024154589372,4.3288647342995175,4.535024154589372,0.42287784679089024,0.40688405797101446,0.42287784679089024,0.05848861283643892,0.04746376811594202,0.05848861283643892,0.22567287784679088,0.23623188405797102,0.22567287784679088,0.06142167011732229,0.056038647342995164,0.06142167011732229,-0.12976810171849432,-0.22566321909501524,-0.12976810171849432,31.5,31.650000000000002,31.5,5.183971774193548,4.706905241935484,5.183971774193548,0.46118951612903225,0.4447076612903226,0.46118951612903225,0.03225806451612903,0.022580645161290318,0.03225806451612903,4.255760368663594,3.964746543778802,4.255760368663594,5.056149732620321,5.127540106951872,5.056149732620321,0.008809728223588609,-0.02460176605145837,0.008809728223588609,23.0,20.299999999999997,23.0,4.073660714285714,4.180133928571429,4.073660714285714,0.36160714285714285,0.3388392857142857,0.36160714285714285,0.09821428571428571,0.09017857142857143,0.09821428571428571,Week 4
2026_04_LAC_SEA,2026,4,LAC,2026-10-04 20:25:00+00:00,-0.25251851234609435,-0.2499506596775981,-0.25251851234609435,56.5,54.85,56.5,5.127450980392156,5.165686274509804,5.127450980392156,0.37349778621125873,0.37909550917141055,0.37349778621125873,0.07147375079063883,0.07356103731815308,0.07147375079063883,0.19133459835547123,0.18099304237824163,0.19133459835547123,0.05993042378241619,0.05371600253004427,0.05993042378241619,-0.10284666576950527,-0.12806932920889638,-0.10284666576950527,30.0,30.0,30.0,6.166666666666666,6.186666666666667,6.166666666666666,0.4166666666666667,0.42166666666666675,0.4166666666666667,0.05,0.05500000000000001,0.05,10.037037037037038,10.05925925925926,10.037037037037038,5.76078431372549,5.409019607843137,5.76078431372549,-0.4068404381928953,-0.38242034757762927,-0.4068404381928953,26.5,24.85,26.5,3.912946428571429,3.896205357142857,3.912946428571429,0.32291666666666663,0.3260416666666667,0.32291666666666663,0.09449404761904762,0.0947172619047619,0.09449404761904762,0.02382592967317536,0.05992102375296589,0.02382592967317536,63.0,64.80000000000001,63.0,5.5713196033562165,5.621662852784135,5.5713196033562165,0.42181540808543094,0.44309687261632347,0.42181540808543094,0.07131960335621662,0.07166285278413426,0.07131960335621662,0.20823798627002288,0.2022883295194508,0.20823798627002288,0.07856598016781083,0.08108314263920671,0.07856598016781083,0.21492485554188398,0.22160159376210758,0.21492485554188398,34.5,35.550000000000004,34.5,7.644736842105264,7.538157894736843,7.644736842105264,0.518251273344652,0.5285653650254669,0.518251273344652,0.09083191850594227,0.07937181663837012,0.09083191850594227,8.70363466915191,8.387138863000931,8.70363466915191,3.8674463937621835,3.7961013645224173,3.8674463937621835,-0.20558111405557902,-0.1348777853165085,-0.20558111405557902,28.5,29.250000000000004,28.5,3.0732009925558312,3.3028535980148885,3.0732009925558312,0.3058312655086849,0.33988833746898267,0.3058312655086849,0.04838709677419355,0.06290322580645162,0.04838709677419355,Week 4
2026_04_KC_LV,2026,4,LV,2026-10-04 20:25:00+00:00,-0.06782009603144544,-0.059218809663041175,-0.06782009603144544,60.5,61.550000000000004,60.5,5.014254385964913,4.897478070175438,5.014254385964913,0.38637609649122806,0.39702576754385965,0.38637609649122806,0.07415021929824561,0.07534265350877194,0.07415021929824561,0.20778508771929824,0.20169956140350878,0.20778508771929824,0.08196271929824561,0.08549890350877193,0.08196271929824561,0.10288777510989096,0.07595338920051661,0.10288777510989096,30.5,30.35,30.5,6.666666666666666,6.266666666666667,6.666666666666666,0.4586021505376344,0.4510215053763441,0.4586021505376344,0.08118279569892473,0.0668279569892473,0.08118279569892473,8.645977011494253,8.312183908045977,8.645977011494253,3.719298245614035,3.603508771929825,3.719298245614035,-0.2632579635014202,-0.20985768959610202,-0.2632579635014202,30.0,31.200000000000003,30.0,3.1538461538461537,3.407692307692308,3.1538461538461537,0.3020361990950226,0.33495475113122175,0.3020361990950226,0.058823529411764705,0.07647058823529414,0.058823529411764705,-0.2484839535649475,-0.24470573326210726,-0.2484839535649475,56.0,54.2,56.0,5.09,5.117,5.09,0.34741935483870967,0.3451935483870968,0.34741935483870967,0.10225806451612904,0.11358064516129035,0.10225806451612904,0.2129032258064516,0.20903225806451614,0.2129032258064516,0.060322580645161286,0.0542258064516129,0.060322580645161286,-0.15360253898342946,-0.19405196438699784,-0.15360253898342946,31.0,31.300000000000004,31.0,5.940625,5.8928125,5.940625,0.371875,0.3634375,0.371875,0.09479166666666666,0.11322916666666669,0.09479166666666666,10.703703703703704,10.925925925925927,10.703703703703704,6.666666666666667,6.586666666666668,6.666666666666667,-0.3153594720827325,-0.26349509163441764,-0.3153594720827325,25.0,22.9,25.0,4.039930555555555,4.061284722222222,4.039930555555555,0.32291666666666663,0.3260416666666667,0.32291666666666663,0.10243055555555555,0.10503472222222222,0.10243055555555555,Week 4
2026_04_LAC_SEA,2026,4,SEA,2026-10-04 20:25:00+00:00,0.09962442293198592,0.08941805408222533,0.09962442293198592,57.0,54.0,57.0,5.885836773578914,5.9456176563988565,5.885836773578914,0.43347094315655765,0.4247062559542712,0.43347094315655765,0.10860590663702763,0.11432200698634487,0.10860590663702763,0.21403620196887901,0.22003810733566215,0.21403620196887901,0.0735154017148301,0.06422673864718959,0.0735154017148301,0.3819581788248124,0.3177759048281624,0.3819581788248124,26.5,26.35,26.5,7.67094017094017,7.53888888888889,7.67094017094017,0.49002849002849,0.4814814814814815,0.49002849002849,0.09472934472934473,0.10092592592592595,0.09472934472934473,7.573717948717949,7.2266025641025635,7.573717948717949,5.900928792569659,5.965944272445821,5.900928792569659,-0.11978530044391283,-0.10220826476399539,-0.11978530044391283,30.5,27.65,30.5,4.358333333333333,4.450833333333334,4.358333333333333,0.37916666666666665,0.36541666666666667,0.37916666666666665,0.12142857142857143,0.12785714285714286,0.12142857142857143,-0.21743213345247844,-0.18509097457890555,-0.21743213345247844,57.0,60.00000000000001,57.0,3.6735471578278815,3.8117815179422045,3.6735471578278815,0.3685296919657034,0.3833439187043506,0.3685296919657034,0.03302635757383296,0.0365512861225786,0.03302635757383296,0.24706255954271195,0.2445855827246745,0.24706255954271195,0.07669101302000635,0.0805493807557955,0.07669101302000635,-0.19892347744639688,-0.17775771883736097,-0.19892347744639688,33.0,33.900000000000006,33.0,3.6833333333333336,3.978333333333334,3.6833333333333336,0.4027777777777778,0.42361111111111116,0.4027777777777778,0.0,0.0,0.0,5.29491341991342,5.715530303030304,5.29491341991342,4.118925831202046,4.331074168797954,4.118925831202046,-0.25574927941242814,-0.20538326950384939,-0.25574927941242814,24.0,26.100000000000005,24.0,3.8168880455407965,3.726660341555977,3.8168880455407965,0.32447817836812143,0.33358633776091084,0.32447817836812143,0.07779886148007589,0.08349146110056926,0.07779886148007589,Week 4
2026_04_DEN_SF,2026,4,SF,2026-10-04 20:25:00+00:00,0.319607916311954,0.2773558098489223,0.319607916311954,55.5,58.050000000000004,55.5,7.046043882978723,6.708793218085106,7.046043882978723,0.5684840425531915,0.5666888297872341,0.5684840425531915,0.12134308510638298,0.11306515957446808,0.12134308510638298,0.16821808510638298,0.1740026595744681,0.16821808510638298,0.10787898936170212,0.1083277925531915,0.10787898936170212,0.6012017818747679,0.4634203138054045,0.6012017818747679,28.0,29.800000000000004,28.0,9.537433155080214,8.485026737967914,9.537433155080214,0.6657754010695187,0.6336898395721926,0.6657754010695187,0.1283422459893048,0.09866310160427806,0.1283422459893048,6.282085561497326,5.71216577540107,6.282085561497326,5.09,4.967,5.09,0.0764713776569503,0.1196849283195722,0.0764713776569503,27.5,28.25,27.5,4.84,5.128,4.84,0.48333333333333334,0.5083333333333334,0.48333333333333334,0.12333333333333332,0.13633333333333333,0.12333333333333332,-0.13282014780975532,-0.17236578047392867,-0.13282014780975532,56.0,56.0,56.0,5.133928571428571,5.152678571428572,5.133928571428571,0.4196428571428571,0.4223214285714286,0.4196428571428571,0.0625,0.06517857142857143,0.0625,0.2142857142857143,0.19821428571428573,0.2142857142857143,0.08035714285714285,0.06696428571428571,0.08035714285714285,-0.11444615294726938,-0.19826796273976227,-0.11444615294726938,27.5,27.65,27.5,6.37037037037037,6.2592592592592595,6.37037037037037,0.3637566137566137,0.3617724867724868,0.3637566137566137,0.07275132275132275,0.07235449735449735,0.07275132275132275,8.227484472049689,8.49138198757764,8.227484472049689,6.338235294117647,5.989705882352942,6.338235294117647,-0.14547134088062452,-0.14245763695396335,-0.14547134088062452,28.5,28.35,28.5,3.9550492610837438,4.086391625615764,3.9550492610837438,0.47413793103448276,0.481896551724138,0.47413793103448276,0.05295566502463054,0.05849753694581281,0.05295566502463054,Week 4
2026_04_DET_CAR,2026,4,CAR,2026-10-05 00:20:00+00:00,0.16181751865249228,0.16773301679340474,0.16181751865249228,60.5,60.95,60.5,6.770092946965555,7.051968288682341,6.770092946965555,0.4622744669218152,0.4687534171678513,0.4622744669218152,0.11536358665937671,0.11946418808091855,0.11536358665937671,0.1912247129579005,0.17740568616730454,0.1912247129579005,0.08310552214324768,0.0775287042099508,0.08310552214324768,0.2711876369858595,0.2651489165034894,0.2711876369858595,39.0,39.300000000000004,39.0,7.991447368421053,8.241513157894737,7.991447368421053,0.4486842105263158,0.44907894736842113,0.4486842105263158,0.1282894736842105,0.1273026315789474,0.1282894736842105,9.135233918128655,9.284137426900585,9.135233918128655,5.304347826086957,5.747826086956522,5.304347826086957,-0.03639127869066758,-0.008934626577220925,-0.03639127869066758,21.5,21.650000000000002,21.5,4.555194805194805,4.8931818181818185,4.555194805194805,0.487012987012987,0.5045454545454546,0.487012987012987,0.09199134199134198,0.10530303030303031,0.09199134199134198,-0.031994434715922254,0.10041840416028053,-0.031994434715922254,68.5,68.95,68.5,6.077185501066099,6.619744136460556,6.077185501066099,0.4505330490405117,0.4782302771855011,0.4505330490405117,0.08667377398720681,0.09924307036247335,0.08667377398720681,0.19701492537313434,0.19791044776119404,0.19701492537313434,0.10127931769722814,0.11375266524520257,0.10127931769722814,-0.1332659386083766,0.0414744682207544,-0.1332659386083766,33.0,32.400000000000006,33.0,6.0525345622119815,6.762580645161291,6.0525345622119815,0.46359447004608295,0.5083870967741936,0.46359447004608295,0.06451612903225806,0.0838709677419355,0.06451612903225806,7.984375,8.889062500000001,7.984375,4.84920634920635,4.537301587301588,4.84920634920635,0.08472199590479973,0.1726242743039924,0.08472199590479973,35.5,36.550000000000004,35.5,6.183894230769231,6.567187500000001,6.183894230769231,0.4467147435897436,0.4588541666666667,0.4467147435897436,0.1109775641025641,0.11614583333333334,0.1109775641025641,Week 4
2026_04_DET_CAR,2026,4,DET,2026-10-05 00:20:00+00:00,0.11641050835929159,0.08161030393401834,0.11641050835929159,67.5,69.15,67.5,5.390300486080424,5.289648696420681,5.390300486080424,0.46796288113124174,0.4631904551480336,0.46796288113124174,0.11124613345117101,0.11074900574458683,0.11124613345117101,0.1777507733097658,0.17785019885108266,0.1777507733097658,0.06650463985859478,0.0671011931064958,0.06650463985859478,0.23036032796227016,0.16678066388399337,0.23036032796227016,41.0,40.7,41.0,5.9904761904761905,5.723333333333333,5.9904761904761905,0.4982142857142857,0.47625,0.4982142857142857,0.07202380952380952,0.05791666666666666,0.07202380952380952,7.088056680161943,6.553947368421053,7.088056680161943,4.288461538461538,4.121153846153846,4.288461538461538,-0.11488508520710583,-0.08684871608111447,-0.11488508520710583,26.5,28.450000000000003,26.5,4.15,4.405,4.15,0.39242424242424245,0.4201515151515152,0.39242424242424245,0.15606060606060607,0.1728787878787879,0.15606060606060607,0.2019806801766681,0.1321833704976129,0.2019806801766681,76.0,79.0,76.0,6.128259337561663,5.925828047921071,6.128259337561663,0.49718111346018323,0.4736081747709655,0.49718111346018323,0.13742071881606766,0.12410147991543341,0.13742071881606766,0.1821705426356589,0.1868217054263566,0.1821705426356589,0.11469344608879492,0.1081923890063425,0.11469344608879492,0.21996317574457358,0.14914478268486167,0.21996317574457358,47.0,51.2,47.0,6.780178837555887,6.605141579731743,6.780178837555887,0.4870839542970691,0.4786636860407353,0.4870839542970691,0.10978638847491307,0.10635866865375063,0.10978638847491307,8.172140762463343,8.34958944281525,8.172140762463343,3.8321428571428573,3.6767857142857143,3.8321428571428573,0.17350138791344677,0.10157612260645356,0.17350138791344677,29.0,27.8,29.0,4.941212121212121,4.550848484848485,4.941212121212121,0.47818181818181815,0.43072727272727274,0.47818181818181815,0.16121212121212122,0.13684848484848483,0.16121212121212122,Week 4
2026_04_ATL_NO,2026,4,ATL,2026-10-06 00:15:00+00:00,-0.3971881413105899,-0.37433341441278745,-0.3971881413105899,62.0,60.5,62.0,4.222047656454569,4.208064938465567,4.222047656454569,0.3720869337522912,0.37625032731081437,0.3720869337522912,0.07501963864886095,0.08409269442262372,0.07501963864886095,0.20227808326787117,0.2047525530243519,0.20227808326787117,0.047394605917779525,0.043702539931919346,0.047394605917779525,-0.6610313544064214,-0.644620572316704,-0.6610313544064214,30.5,29.15,30.5,4.112087912087912,4.24,4.112087912087912,0.310989010989011,0.31,0.310989010989011,0.057692307692307696,0.07500000000000002,0.057692307692307696,4.234375,4.0140625,4.234375,7.861111111111112,8.45277777777778,7.861111111111112,-0.14499406568060463,-0.12600660575703335,-0.14499406568060463,31.5,31.35,31.5,4.388608870967742,4.233316532258065,4.388608870967742,0.42893145161290325,0.4357358870967742,0.42893145161290325,0.09526209677419355,0.09571572580645162,0.09526209677419355,-0.08033865378819303,-0.14707000737948622,-0.08033865378819303,60.0,60.3,60.0,5.10377882745207,4.88575993331481,5.10377882745207,0.38427340928035564,0.36735204223395385,0.38427340928035564,0.0836343428730203,0.07821617115865519,0.0836343428730203,0.2170047235343151,0.2109196999166435,0.2170047235343151,0.07543762156154488,0.06756043345373715,0.07543762156154488,-0.01631450099720061,-0.10860386287448885,-0.01631450099720061,40.5,41.25,40.5,5.974296205630354,5.61921664626683,5.974296205630354,0.3981028151774786,0.3833231334149327,0.3981028151774786,0.10067319461444307,0.0914014687882497,0.10067319461444307,9.282859078590786,9.476050135501357,9.282859078590786,4.433876811594203,4.6162137681159425,4.433876811594203,-0.1900595326645536,-0.2087033567432728,-0.1900595326645536,19.5,19.05,19.5,3.4087301587301586,3.402777777777778,3.4087301587301586,0.35317460317460314,0.3305555555555556,0.35317460317460314,0.051587301587301584,0.05277777777777778,0.051587301587301584,Week 4
2026_04_ATL_NO,2026,4,NO,2026-10-06 00:15:00+00:00,0.05919022493228629,0.03223005182654566,0.05919022493228629,75.0,78.30000000000001,75.0,5.078306686046512,5.190861191860465,5.078306686046512,0.4358648255813954,0.430686773255814,0.4358648255813954,0.09338662790697674,0.09327761627906977,0.09338662790697674,0.2160247093023256,0.21051962209302327,0.2160247093023256,0.10901162790697674,0.10421511627906976,0.10901162790697674,0.13963989689555448,0.0929184874905483,0.13963989689555448,49.0,52.6,49.0,6.247009304386354,6.23192290651307,6.247009304386354,0.4862649534780682,0.47809038546743465,0.4862649534780682,0.11674789543642003,0.11123172352680549,0.11674789543642003,7.514171122994652,7.8890106951871655,7.514171122994652,3.7867724867724872,3.6450264550264553,3.7867724867724872,-0.058852625138795245,-0.06107168653011581,-0.058852625138795245,26.0,25.700000000000003,26.0,3.0792592592592594,3.247481481481482,3.0792592592592594,0.34518518518518515,0.3376296296296296,0.34518518518518515,0.05851851851851852,0.06496296296296297,0.05851851851851852,0.05829243442988607,0.04092765218343447,0.05829243442988607,64.0,66.7,64.0,5.36376089663761,5.27107098381071,5.36376089663761,0.5442092154420921,0.5165628891656289,0.5442092154420921,0.10024906600249066,0.1030510585305106,0.10024906600249066,0.17085927770859277,0.17302615193026152,0.17085927770859277,0.07061021170610211,0.06997509339975093,0.07061021170610211,0.060654286582550815,0.047986434918189866,0.060654286582550815,36.5,37.550000000000004,36.5,5.640909090909091,5.4786363636363635,5.640909090909091,0.48522727272727273,0.4671590909090909,0.48522727272727273,0.05795454545454545,0.048068181818181815,0.05795454545454545,8.003846153846153,7.194999999999999,8.003846153846153,3.8653846153846154,3.825,3.8653846153846154,0.057343197572856414,0.03371108186485908,0.057343197572856414,27.5,29.150000000000002,27.5,4.954545454545455,4.968181818181819,4.954545454545455,0.6287878787878788,0.5856060606060607,0.6287878787878788,0.15151515151515152,0.16969696969696973,0.15151515151515152,Week 4
